#
# There is insufficient memory for the Java Runtime Environment to continue.
# Native memory allocation (mmap) failed to map 65536 bytes. Error detail: Failed to commit metaspace.
# Possible reasons:
#   The system is out of physical RAM or swap space
#   This process is running with CompressedOops enabled, and the Java Heap may be blocking the growth of the native heap
# Possible solutions:
#   Reduce memory load on the system
#   Increase physical memory or swap space
#   Check if swap backing store is full
#   Decrease Java heap size (-Xmx/-Xms)
#   Decrease number of Java threads
#   Decrease Java thread stack sizes (-Xss)
#   Set larger code cache with -XX:ReservedCodeCacheSize=
#   JVM is running with Unscaled Compressed Oops mode in which the Java heap is
#     placed in the first 4GB address space. The Java Heap base address is the
#     maximum limit for the native heap growth. Please use -XX:HeapBaseMinAddress
#     to set the Java Heap base and to place the Java Heap above 4GB virtual address.
# This output file may be truncated or incomplete.
#
#  Out of Memory Error (virtualSpaceNode.cpp:113), pid=19420, tid=17380
#
# JRE version: OpenJDK Runtime Environment Temurin-21.0.10+7 (21.0.10+7) (build 21.0.10+7-LTS)
# Java VM: OpenJDK 64-Bit Server VM Temurin-21.0.10+7 (21.0.10+7-LTS, mixed mode, sharing, tiered, compressed oops, compressed class ptrs, parallel gc, windows-amd64)
# No core dump will be written. Minidumps are not enabled by default on client versions of Windows
#

---------------  S U M M A R Y ------------

Command Line: --add-modules=ALL-SYSTEM --add-opens=java.base/java.util=ALL-UNNAMED --add-opens=java.base/java.lang=ALL-UNNAMED --add-opens=java.base/sun.nio.fs=ALL-UNNAMED -Declipse.application=org.eclipse.jdt.ls.core.id1 -Dosgi.bundles.defaultStartLevel=4 -Declipse.product=org.eclipse.jdt.ls.core.product -Djava.import.generatesMetadataFilesAtProjectRoot=false -DDetectVMInstallationsJob.disabled=true -Dfile.encoding=utf8 -XX:+UseParallelGC -XX:GCTimeRatio=4 -XX:AdaptiveSizePolicyWeight=90 -Dsun.zip.disableMemoryMapping=true -Xmx2G -Xms100m -Xlog:disable -javaagent:c:\Users\Dell\.vscode\extensions\redhat.java-1.53.0-win32-x64\lombok\lombok-1.18.39-4050.jar -XX:+HeapDumpOnOutOfMemoryError -XX:HeapDumpPath=c:\Users\Dell\AppData\Roaming\Code\User\workspaceStorage\030274fffca1edf6b01d840448dc3ca1\redhat.java -Daether.dependencyCollector.impl=bf c:\Users\Dell\.vscode\extensions\redhat.java-1.53.0-win32-x64\server\plugins\org.eclipse.equinox.launcher_1.7.100.v20251111-0406.jar -configuration c:\Users\Dell\AppData\Roaming\Code\User\globalStorage\redhat.java\1.53.0\config_win -data c:\Users\Dell\AppData\Roaming\Code\User\workspaceStorage\030274fffca1edf6b01d840448dc3ca1\redhat.java\jdt_ws --pipe=\\.\pipe\lsp-66028a5730763d679a7a46d82975820d-sock

Host: 11th Gen Intel(R) Core(TM) i5-1135G7 @ 2.40GHz, 8 cores, 7G,  Windows 11 , 64 bit Build 26100 (10.0.26100.7309)
Time: Mon Apr 13 21:04:36 2026 Nepal Standard Time elapsed time: 13.113822 seconds (0d 0h 0m 13s)

---------------  T H R E A D  ---------------

Current thread (0x0000024f6c366310):  JavaThread "Start Level: Equinox Container: 9c9fb48e-e298-42aa-8dbe-20e1f30bbfe3" daemon [_thread_in_vm, id=17380, stack(0x0000007e8ea00000,0x0000007e8eb00000) (1024K)]

Stack: [0x0000007e8ea00000,0x0000007e8eb00000]
Native frames: (J=compiled Java code, j=interpreted, Vv=VM code, C=native code)
V  [jvm.dll+0x6d7a39]
V  [jvm.dll+0x8b4b26]
V  [jvm.dll+0x8b70de]
V  [jvm.dll+0x8b77c3]
V  [jvm.dll+0x284346]
V  [jvm.dll+0x8b086e]
V  [jvm.dll+0x679444]
V  [jvm.dll+0x1e82bb]
V  [jvm.dll+0x1e807e]
V  [jvm.dll+0x67bd42]
V  [jvm.dll+0x67bb72]
V  [jvm.dll+0x679e1e]
V  [jvm.dll+0x3112f1]
V  [jvm.dll+0x21ab79]
V  [jvm.dll+0x20f647]
V  [jvm.dll+0x5b644f]
V  [jvm.dll+0x82ec4d]
V  [jvm.dll+0x47952e]
V  [jvm.dll+0x48c8a6]
C  [java.dll+0x1657]

Java frames: (J=compiled Java code, j=interpreted, Vv=VM code)
J 912  java.lang.ClassLoader.defineClass0(Ljava/lang/ClassLoader;Ljava/lang/Class;Ljava/lang/String;[BIILjava/security/ProtectionDomain;ZILjava/lang/Object;)Ljava/lang/Class; java.base@21.0.10 (0 bytes) @ 0x0000024f5a951a3c [0x0000024f5a951940+0x00000000000000fc]
J 3131 c1 java.lang.System$2.defineClass(Ljava/lang/ClassLoader;Ljava/lang/Class;Ljava/lang/String;[BLjava/security/ProtectionDomain;ZILjava/lang/Object;)Ljava/lang/Class; java.base@21.0.10 (21 bytes) @ 0x0000024f53458374 [0x0000024f534582c0+0x00000000000000b4]
J 3130 c1 java.lang.invoke.MethodHandles$Lookup$ClassDefiner.defineClass(ZLjava/lang/Object;)Ljava/lang/Class; java.base@21.0.10 (213 bytes) @ 0x0000024f53457674 [0x0000024f53457120+0x0000000000000554]
j  java.lang.invoke.InvokerBytecodeGenerator.loadMethod([B)Ljava/lang/invoke/MemberName;+22 java.base@21.0.10
J 2839 c1 java.lang.invoke.InvokerBytecodeGenerator.generateCustomizedCode(Ljava/lang/invoke/LambdaForm;Ljava/lang/invoke/MethodType;)Ljava/lang/invoke/MemberName; java.base@21.0.10 (34 bytes) @ 0x0000024f533ab834 [0x0000024f533ab680+0x00000000000001b4]
J 3193 c1 java.lang.invoke.LambdaForm.compileToBytecode()V java.base@21.0.10 (164 bytes) @ 0x0000024f53475474 [0x0000024f53475280+0x00000000000001f4]
J 3555 c2 java.lang.invoke.MethodHandle.<init>(Ljava/lang/invoke/MethodType;Ljava/lang/invoke/LambdaForm;)V java.base@21.0.10 (37 bytes) @ 0x0000024f5aa8b37c [0x0000024f5aa8b2c0+0x00000000000000bc]
J 1026 c1 java.lang.invoke.BoundMethodHandle.<init>(Ljava/lang/invoke/MethodType;Ljava/lang/invoke/LambdaForm;)V java.base@21.0.10 (32 bytes) @ 0x0000024f52fb79d4 [0x0000024f52fb7940+0x0000000000000094]
j  java.lang.invoke.BoundMethodHandle$Species_LLL.<init>(Ljava/lang/invoke/MethodType;Ljava/lang/invoke/LambdaForm;Ljava/lang/Object;Ljava/lang/Object;Ljava/lang/Object;)V+3 java.base@21.0.10
j  java.lang.invoke.BoundMethodHandle$Species_LLL.make(Ljava/lang/invoke/MethodType;Ljava/lang/invoke/LambdaForm;Ljava/lang/Object;Ljava/lang/Object;Ljava/lang/Object;)Ljava/lang/invoke/BoundMethodHandle;+10 java.base@21.0.10
j  java.lang.invoke.DirectMethodHandle$Holder.invokeStatic(Ljava/lang/Object;Ljava/lang/Object;Ljava/lang/Object;Ljava/lang/Object;Ljava/lang/Object;Ljava/lang/Object;)Ljava/lang/Object;+18 java.base@21.0.10
j  java.lang.invoke.BoundMethodHandle$Species_LL.copyWithExtendL(Ljava/lang/invoke/MethodType;Ljava/lang/invoke/LambdaForm;Ljava/lang/Object;)Ljava/lang/invoke/BoundMethodHandle;+18 java.base@21.0.10
j  java.lang.invoke.MethodHandles.foldArguments(Ljava/lang/invoke/MethodHandle;ILjava/lang/invoke/MethodHandle;)Ljava/lang/invoke/MethodHandle;+87 java.base@21.0.10
j  java.io.ObjectStreamClass$RecordSupport.deserializationCtr(Ljava/io/ObjectStreamClass;)Ljava/lang/invoke/MethodHandle;+162 java.base@21.0.10
j  java.io.ObjectInputStream.readRecord(Ljava/io/ObjectStreamClass;)Ljava/lang/Object;+64 java.base@21.0.10
j  java.io.ObjectInputStream.readOrdinaryObject(Z)Ljava/lang/Object;+185 java.base@21.0.10
j  java.io.ObjectInputStream.readObject0(Ljava/lang/Class;Z)Ljava/lang/Object;+494 java.base@21.0.10
j  java.io.ObjectInputStream.readObject(Ljava/lang/Class;)Ljava/lang/Object;+42 java.base@21.0.10
j  java.io.ObjectInputStream.readObject()Ljava/lang/Object;+3 java.base@21.0.10
j  java.util.HashSet.readObject(Ljava/io/ObjectInputStream;)V+211 java.base@21.0.10
j  java.lang.invoke.LambdaForm$DMH+0x0000024f010a4000.invokeSpecial(Ljava/lang/Object;Ljava/lang/Object;Ljava/lang/Object;)V+11 java.base@21.0.10
j  java.lang.invoke.LambdaForm$MH+0x0000024f01178800.invoke(Ljava/lang/Object;Ljava/lang/Object;Ljava/lang/Object;)Ljava/lang/Object;+52 java.base@21.0.10
j  java.lang.invoke.Invokers$Holder.invokeExact_MT(Ljava/lang/Object;Ljava/lang/Object;Ljava/lang/Object;Ljava/lang/Object;)Ljava/lang/Object;+20 java.base@21.0.10
J 1530 c1 jdk.internal.reflect.DirectMethodHandleAccessor.invoke(Ljava/lang/Object;[Ljava/lang/Object;)Ljava/lang/Object; java.base@21.0.10 (92 bytes) @ 0x0000024f530b7ee4 [0x0000024f530b6b00+0x00000000000013e4]
J 1533 c1 java.lang.reflect.Method.invoke(Ljava/lang/Object;[Ljava/lang/Object;)Ljava/lang/Object; java.base@21.0.10 (108 bytes) @ 0x0000024f530bd7d4 [0x0000024f530bd2c0+0x0000000000000514]
j  java.io.ObjectStreamClass.invokeReadObject(Ljava/lang/Object;Ljava/io/ObjectInputStream;)V+24 java.base@21.0.10
j  java.io.ObjectInputStream.readSerialData(Ljava/lang/Object;Ljava/io/ObjectStreamClass;)V+183 java.base@21.0.10
j  java.io.ObjectInputStream.readOrdinaryObject(Z)Ljava/lang/Object;+234 java.base@21.0.10
j  java.io.ObjectInputStream.readObject0(Ljava/lang/Class;Z)Ljava/lang/Object;+494 java.base@21.0.10
j  java.io.ObjectInputStream$FieldValues.<init>(Ljava/io/ObjectInputStream;Ljava/io/ObjectStreamClass;Z)V+164 java.base@21.0.10
j  java.io.ObjectInputStream.readSerialData(Ljava/lang/Object;Ljava/io/ObjectStreamClass;)V+297 java.base@21.0.10
j  java.io.ObjectInputStream.readOrdinaryObject(Z)Ljava/lang/Object;+234 java.base@21.0.10
j  java.io.ObjectInputStream.readObject0(Ljava/lang/Class;Z)Ljava/lang/Object;+494 java.base@21.0.10
j  java.io.ObjectInputStream.readObject(Ljava/lang/Class;)Ljava/lang/Object;+42 java.base@21.0.10
j  java.io.ObjectInputStream.readObject()Ljava/lang/Object;+3 java.base@21.0.10
j  java.util.HashMap.readObject(Ljava/io/ObjectInputStream;)V+258 java.base@21.0.10
j  java.lang.invoke.LambdaForm$DMH+0x0000024f010a4000.invokeSpecial(Ljava/lang/Object;Ljava/lang/Object;Ljava/lang/Object;)V+11 java.base@21.0.10
j  java.lang.invoke.LambdaForm$MH+0x0000024f01178800.invoke(Ljava/lang/Object;Ljava/lang/Object;Ljava/lang/Object;)Ljava/lang/Object;+52 java.base@21.0.10
j  java.lang.invoke.Invokers$Holder.invokeExact_MT(Ljava/lang/Object;Ljava/lang/Object;Ljava/lang/Object;Ljava/lang/Object;)Ljava/lang/Object;+20 java.base@21.0.10
J 1530 c1 jdk.internal.reflect.DirectMethodHandleAccessor.invoke(Ljava/lang/Object;[Ljava/lang/Object;)Ljava/lang/Object; java.base@21.0.10 (92 bytes) @ 0x0000024f530b7ee4 [0x0000024f530b6b00+0x00000000000013e4]
J 1533 c1 java.lang.reflect.Method.invoke(Ljava/lang/Object;[Ljava/lang/Object;)Ljava/lang/Object; java.base@21.0.10 (108 bytes) @ 0x0000024f530bd7d4 [0x0000024f530bd2c0+0x0000000000000514]
j  java.io.ObjectStreamClass.invokeReadObject(Ljava/lang/Object;Ljava/io/ObjectInputStream;)V+24 java.base@21.0.10
j  java.io.ObjectInputStream.readSerialData(Ljava/lang/Object;Ljava/io/ObjectStreamClass;)V+183 java.base@21.0.10
j  java.io.ObjectInputStream.readOrdinaryObject(Z)Ljava/lang/Object;+234 java.base@21.0.10
j  java.io.ObjectInputStream.readObject0(Ljava/lang/Class;Z)Ljava/lang/Object;+494 java.base@21.0.10
j  java.io.ObjectInputStream$FieldValues.<init>(Ljava/io/ObjectInputStream;Ljava/io/ObjectStreamClass;Z)V+164 java.base@21.0.10
j  java.io.ObjectInputStream.readSerialData(Ljava/lang/Object;Ljava/io/ObjectStreamClass;)V+297 java.base@21.0.10
j  java.io.ObjectInputStream.readOrdinaryObject(Z)Ljava/lang/Object;+234 java.base@21.0.10
j  java.io.ObjectInputStream.readObject0(Ljava/lang/Class;Z)Ljava/lang/Object;+494 java.base@21.0.10
j  java.io.ObjectInputStream.readObject(Ljava/lang/Class;)Ljava/lang/Object;+42 java.base@21.0.10
j  java.io.ObjectInputStream.readObject()Ljava/lang/Object;+3 java.base@21.0.10
j  org.eclipse.m2e.core.internal.project.registry.ProjectRegistryReader.readWorkspaceState(Lorg/eclipse/m2e/core/internal/project/registry/ProjectRegistryManager;)Lorg/eclipse/m2e/core/internal/project/registry/ProjectRegistry;+23
j  org.eclipse.m2e.core.internal.project.registry.ProjectRegistryManager.init()V+22
j  java.lang.invoke.LambdaForm$DMH+0x0000024f01014400.invokeVirtual(Ljava/lang/Object;Ljava/lang/Object;)V+10 java.base@21.0.10
j  java.lang.invoke.LambdaForm$MH+0x0000024f01118400.invoke(Ljava/lang/Object;Ljava/lang/Object;)Ljava/lang/Object;+31 java.base@21.0.10
J 1530 c1 jdk.internal.reflect.DirectMethodHandleAccessor.invoke(Ljava/lang/Object;[Ljava/lang/Object;)Ljava/lang/Object; java.base@21.0.10 (92 bytes) @ 0x0000024f530b827c [0x0000024f530b6b00+0x000000000000177c]
J 1533 c1 java.lang.reflect.Method.invoke(Ljava/lang/Object;[Ljava/lang/Object;)Ljava/lang/Object; java.base@21.0.10 (108 bytes) @ 0x0000024f530bd7d4 [0x0000024f530bd2c0+0x0000000000000514]
j  org.apache.felix.scr.impl.inject.methods.BaseMethod.invokeMethod(Ljava/lang/Object;Lorg/apache/felix/scr/impl/inject/BaseParameter;)Lorg/apache/felix/scr/impl/inject/MethodResult;+86
j  org.apache.felix.scr.impl.inject.methods.BaseMethod.access$500(Lorg/apache/felix/scr/impl/inject/methods/BaseMethod;Ljava/lang/Object;Lorg/apache/felix/scr/impl/inject/BaseParameter;)Lorg/apache/felix/scr/impl/inject/MethodResult;+3
j  org.apache.felix.scr.impl.inject.methods.BaseMethod$Resolved.invoke(Lorg/apache/felix/scr/impl/inject/methods/BaseMethod;Ljava/lang/Object;Lorg/apache/felix/scr/impl/inject/BaseParameter;)Lorg/apache/felix/scr/impl/inject/MethodResult;+3
j  org.apache.felix.scr.impl.inject.methods.BaseMethod.invoke(Ljava/lang/Object;Lorg/apache/felix/scr/impl/inject/BaseParameter;Lorg/apache/felix/scr/impl/inject/MethodResult;)Lorg/apache/felix/scr/impl/inject/MethodResult;+7
j  org.apache.felix.scr.impl.inject.methods.ActivateMethod.invoke(Ljava/lang/Object;Lorg/apache/felix/scr/impl/inject/ActivatorParameter;Lorg/apache/felix/scr/impl/inject/MethodResult;)Lorg/apache/felix/scr/impl/inject/MethodResult;+20
j  org.apache.felix.scr.impl.inject.methods.ActivateMethod.invoke(Ljava/lang/Object;Lorg/apache/felix/scr/impl/inject/ScrComponentContext;ILorg/apache/felix/scr/impl/inject/MethodResult;)Lorg/apache/felix/scr/impl/inject/MethodResult;+13
j  org.apache.felix.scr.impl.manager.SingleComponentManager.createImplementationObject(Lorg/osgi/framework/Bundle;Lorg/apache/felix/scr/impl/manager/SingleComponentManager$SetImplementationObject;Lorg/apache/felix/scr/impl/manager/ComponentContextImpl;)Ljava/lang/Object;+581
j  org.apache.felix.scr.impl.manager.SingleComponentManager.createComponent(Lorg/apache/felix/scr/impl/manager/ComponentContextImpl;)Z+35
j  org.apache.felix.scr.impl.manager.SingleComponentManager.getService(Lorg/apache/felix/scr/impl/manager/ComponentContextImpl;)Ljava/lang/Object;+14
j  org.apache.felix.scr.impl.manager.SingleComponentManager.getServiceInternal(Lorg/osgi/framework/ServiceRegistration;)Z+87
j  org.apache.felix.scr.impl.manager.SingleComponentManager.getService(Lorg/osgi/framework/Bundle;Lorg/osgi/framework/ServiceRegistration;)Ljava/lang/Object;+69
j  org.eclipse.osgi.internal.serviceregistry.ServiceFactoryUse$1.run()Ljava/lang/Object;+24
J 2633 c1 java.security.AccessController.doPrivileged(Ljava/security/PrivilegedAction;)Ljava/lang/Object; java.base@21.0.10 (9 bytes) @ 0x0000024f5332c154 [0x0000024f5332bfe0+0x0000000000000174]
j  org.eclipse.osgi.internal.serviceregistry.ServiceFactoryUse.factoryGetService()Ljava/lang/Object;+8
j  org.eclipse.osgi.internal.serviceregistry.ServiceFactoryUse.getService()Ljava/lang/Object;+231
j  org.eclipse.osgi.internal.serviceregistry.ServiceConsumer$2.getService(Lorg/eclipse/osgi/internal/serviceregistry/ServiceUse;)Ljava/lang/Object;+1
j  org.eclipse.osgi.internal.serviceregistry.ServiceRegistrationImpl.getService(Lorg/eclipse/osgi/internal/framework/BundleContextImpl;Lorg/eclipse/osgi/internal/serviceregistry/ServiceConsumer;)Ljava/lang/Object;+459
j  org.eclipse.osgi.internal.serviceregistry.ServiceRegistry.getService(Lorg/eclipse/osgi/internal/framework/BundleContextImpl;Lorg/eclipse/osgi/internal/serviceregistry/ServiceReferenceImpl;)Ljava/lang/Object;+12
j  org.eclipse.osgi.internal.framework.BundleContextImpl.getService(Lorg/osgi/framework/ServiceReference;)Ljava/lang/Object;+35
j  org.apache.felix.scr.impl.manager.SingleRefPair.getServiceObject(Lorg/apache/felix/scr/impl/inject/ScrComponentContext;Lorg/osgi/framework/BundleContext;)Z+5
j  org.apache.felix.scr.impl.inject.field.FieldHandler$ReferenceMethodImpl.getServiceObject(Lorg/apache/felix/scr/impl/inject/BindParameters;Lorg/osgi/framework/BundleContext;)Z+117
j  org.apache.felix.scr.impl.manager.DependencyManager.getServiceObject(Lorg/apache/felix/scr/impl/manager/ComponentContextImpl;Lorg/apache/felix/scr/impl/inject/ReferenceMethod;Lorg/apache/felix/scr/impl/inject/RefPair;)Z+26
j  org.apache.felix.scr.impl.manager.DependencyManager$SingleStaticCustomizer.prebind(Lorg/apache/felix/scr/impl/manager/ComponentContextImpl;)Z+151
j  org.apache.felix.scr.impl.manager.DependencyManager.prebind(Lorg/apache/felix/scr/impl/manager/ComponentContextImpl;)Z+5
j  org.apache.felix.scr.impl.manager.AbstractComponentManager.collectDependencies(Lorg/apache/felix/scr/impl/manager/ComponentContextImpl;)Z+36
j  org.apache.felix.scr.impl.manager.SingleComponentManager.getServiceInternal(Lorg/osgi/framework/ServiceRegistration;)Z+25
j  org.apache.felix.scr.impl.manager.SingleComponentManager.getService(Lorg/osgi/framework/Bundle;Lorg/osgi/framework/ServiceRegistration;)Ljava/lang/Object;+69
j  org.eclipse.osgi.internal.serviceregistry.ServiceFactoryUse$1.run()Ljava/lang/Object;+24
J 2633 c1 java.security.AccessController.doPrivileged(Ljava/security/PrivilegedAction;)Ljava/lang/Object; java.base@21.0.10 (9 bytes) @ 0x0000024f5332c154 [0x0000024f5332bfe0+0x0000000000000174]
j  org.eclipse.osgi.internal.serviceregistry.ServiceFactoryUse.factoryGetService()Ljava/lang/Object;+8
j  org.eclipse.osgi.internal.serviceregistry.ServiceFactoryUse.getService()Ljava/lang/Object;+231
j  org.eclipse.osgi.internal.serviceregistry.ServiceConsumer$2.getService(Lorg/eclipse/osgi/internal/serviceregistry/ServiceUse;)Ljava/lang/Object;+1
j  org.eclipse.osgi.internal.serviceregistry.ServiceRegistrationImpl.getService(Lorg/eclipse/osgi/internal/framework/BundleContextImpl;Lorg/eclipse/osgi/internal/serviceregistry/ServiceConsumer;)Ljava/lang/Object;+459
j  org.eclipse.osgi.internal.serviceregistry.ServiceRegistry.getService(Lorg/eclipse/osgi/internal/framework/BundleContextImpl;Lorg/eclipse/osgi/internal/serviceregistry/ServiceReferenceImpl;)Ljava/lang/Object;+12
j  org.eclipse.osgi.internal.framework.BundleContextImpl.getService(Lorg/osgi/framework/ServiceReference;)Ljava/lang/Object;+35
j  org.apache.felix.scr.impl.manager.SingleRefPair.getServiceObject(Lorg/apache/felix/scr/impl/inject/ScrComponentContext;Lorg/osgi/framework/BundleContext;)Z+5
j  org.apache.felix.scr.impl.inject.methods.BindMethod.getServiceObject(Lorg/apache/felix/scr/impl/inject/BindParameters;Lorg/osgi/framework/BundleContext;)Z+84
j  org.apache.felix.scr.impl.manager.DependencyManager.getServiceObject(Lorg/apache/felix/scr/impl/manager/ComponentContextImpl;Lorg/apache/felix/scr/impl/inject/ReferenceMethod;Lorg/apache/felix/scr/impl/inject/RefPair;)Z+26
j  org.apache.felix.scr.impl.manager.DependencyManager.doInvokeBindMethod(Lorg/apache/felix/scr/impl/manager/ComponentContextImpl;Lorg/apache/felix/scr/impl/inject/ReferenceMethod;Lorg/apache/felix/scr/impl/inject/RefPair;I)Z+4
j  org.apache.felix.scr.impl.manager.DependencyManager.invokeBindMethod(Lorg/apache/felix/scr/impl/manager/ComponentContextImpl;Lorg/apache/felix/scr/impl/inject/RefPair;ILorg/apache/felix/scr/impl/manager/EdgeInfo;)Z+71
j  org.apache.felix.scr.impl.manager.SingleComponentManager.invokeBindMethod(Lorg/apache/felix/scr/impl/manager/DependencyManager;Lorg/apache/felix/scr/impl/inject/RefPair;I)V+26
j  org.apache.felix.scr.impl.manager.DependencyManager$MultipleDynamicCustomizer.addedService(Lorg/osgi/framework/ServiceReference;Lorg/apache/felix/scr/impl/inject/RefPair;IILorg/apache/felix/scr/impl/manager/ExtendedServiceEvent;)V+128
j  org.apache.felix.scr.impl.manager.DependencyManager$MultipleDynamicCustomizer.addedService(Lorg/osgi/framework/ServiceReference;Ljava/lang/Object;IILorg/osgi/framework/ServiceEvent;)V+14
j  org.apache.felix.scr.impl.manager.ServiceTracker$Tracked.customizerAdded(Lorg/osgi/framework/ServiceReference;Lorg/osgi/framework/ServiceEvent;Ljava/lang/Object;II)V+14
j  org.apache.felix.scr.impl.manager.ServiceTracker$Tracked.customizerAdded(Ljava/lang/Object;Ljava/lang/Object;Ljava/lang/Object;II)V+14
j  org.apache.felix.scr.impl.manager.ServiceTracker$AbstractTracked.trackAdding(Ljava/lang/Object;Ljava/lang/Object;)V+207
j  org.apache.felix.scr.impl.manager.ServiceTracker$AbstractTracked.track(Ljava/lang/Object;Ljava/lang/Object;)V+104
j  org.apache.felix.scr.impl.manager.ServiceTracker$Tracked.serviceChanged(Lorg/osgi/framework/ServiceEvent;)V+67
j  org.apache.felix.scr.impl.BundleComponentActivator$ListenerInfo.serviceChanged(Lorg/osgi/framework/ServiceEvent;)V+66
J 2471 c1 org.eclipse.osgi.internal.serviceregistry.FilteredServiceListener.serviceChanged(Lorg/osgi/framework/ServiceEvent;)V (296 bytes) @ 0x0000024f532cd634 [0x0000024f532cad20+0x0000000000002914]
J 2565 c1 org.eclipse.osgi.internal.framework.BundleContextImpl.dispatchEvent(Ljava/lang/Object;Ljava/lang/Object;ILjava/lang/Object;)V (577 bytes) @ 0x0000024f53306cac [0x0000024f53303400+0x00000000000038ac]
J 2513 c1 org.eclipse.osgi.framework.eventmgr.EventManager.dispatchEvent(Ljava/util/Set;Lorg/eclipse/osgi/framework/eventmgr/EventDispatcher;ILjava/lang/Object;)V (69 bytes) @ 0x0000024f532e5d54 [0x0000024f532e5840+0x0000000000000514]
j  org.eclipse.osgi.framework.eventmgr.ListenerQueue.dispatchEventSynchronous(ILjava/lang/Object;)V+67
j  org.eclipse.osgi.internal.serviceregistry.ServiceRegistry.publishServiceEventPrivileged(Lorg/osgi/framework/ServiceEvent;)V+320
j  org.eclipse.osgi.internal.serviceregistry.ServiceRegistry.publishServiceEvent(Lorg/osgi/framework/ServiceEvent;)V+8
j  org.eclipse.osgi.internal.serviceregistry.ServiceRegistrationImpl.register(Ljava/util/Dictionary;)V+137
j  org.eclipse.osgi.internal.serviceregistry.ServiceRegistry.registerService(Lorg/eclipse/osgi/internal/framework/BundleContextImpl;[Ljava/lang/String;Ljava/lang/Object;Ljava/util/Dictionary;)Lorg/eclipse/osgi/internal/serviceregistry/ServiceRegistrationImpl;+317
j  org.eclipse.osgi.internal.framework.BundleContextImpl.registerService([Ljava/lang/String;Ljava/lang/Object;Ljava/util/Dictionary;)Lorg/osgi/framework/ServiceRegistration;+15
j  org.apache.felix.scr.impl.manager.AbstractComponentManager$3.register([Ljava/lang/String;)Lorg/osgi/framework/ServiceRegistration;+32
j  org.apache.felix.scr.impl.manager.AbstractComponentManager$3.register([Ljava/lang/String;)Ljava/lang/Object;+2
j  org.apache.felix.scr.impl.manager.RegistrationManager.changeRegistration(Lorg/apache/felix/scr/impl/manager/RegistrationManager$RegState;[Ljava/lang/String;)Z+697
j  org.apache.felix.scr.impl.manager.AbstractComponentManager.registerService()Z+17
j  org.apache.felix.scr.impl.manager.AbstractComponentManager.activateInternal()V+355
j  org.apache.felix.scr.impl.manager.DependencyManager$SingleStaticCustomizer.addedService(Lorg/osgi/framework/ServiceReference;Lorg/apache/felix/scr/impl/inject/RefPair;IILorg/apache/felix/scr/impl/manager/ExtendedServiceEvent;)V+267
j  org.apache.felix.scr.impl.manager.DependencyManager$SingleStaticCustomizer.addedService(Lorg/osgi/framework/ServiceReference;Ljava/lang/Object;IILorg/osgi/framework/ServiceEvent;)V+14
j  org.apache.felix.scr.impl.manager.ServiceTracker$Tracked.customizerAdded(Lorg/osgi/framework/ServiceReference;Lorg/osgi/framework/ServiceEvent;Ljava/lang/Object;II)V+14
j  org.apache.felix.scr.impl.manager.ServiceTracker$Tracked.customizerAdded(Ljava/lang/Object;Ljava/lang/Object;Ljava/lang/Object;II)V+14
j  org.apache.felix.scr.impl.manager.ServiceTracker$AbstractTracked.trackAdding(Ljava/lang/Object;Ljava/lang/Object;)V+207
j  org.apache.felix.scr.impl.manager.ServiceTracker$AbstractTracked.track(Ljava/lang/Object;Ljava/lang/Object;)V+104
j  org.apache.felix.scr.impl.manager.ServiceTracker$Tracked.serviceChanged(Lorg/osgi/framework/ServiceEvent;)V+67
j  org.apache.felix.scr.impl.BundleComponentActivator$ListenerInfo.serviceChanged(Lorg/osgi/framework/ServiceEvent;)V+66
J 2471 c1 org.eclipse.osgi.internal.serviceregistry.FilteredServiceListener.serviceChanged(Lorg/osgi/framework/ServiceEvent;)V (296 bytes) @ 0x0000024f532cd634 [0x0000024f532cad20+0x0000000000002914]
J 2565 c1 org.eclipse.osgi.internal.framework.BundleContextImpl.dispatchEvent(Ljava/lang/Object;Ljava/lang/Object;ILjava/lang/Object;)V (577 bytes) @ 0x0000024f53306cac [0x0000024f53303400+0x00000000000038ac]
J 2513 c1 org.eclipse.osgi.framework.eventmgr.EventManager.dispatchEvent(Ljava/util/Set;Lorg/eclipse/osgi/framework/eventmgr/EventDispatcher;ILjava/lang/Object;)V (69 bytes) @ 0x0000024f532e5d54 [0x0000024f532e5840+0x0000000000000514]
j  org.eclipse.osgi.framework.eventmgr.ListenerQueue.dispatchEventSynchronous(ILjava/lang/Object;)V+67
j  org.eclipse.osgi.internal.serviceregistry.ServiceRegistry.publishServiceEventPrivileged(Lorg/osgi/framework/ServiceEvent;)V+320
j  org.eclipse.osgi.internal.serviceregistry.ServiceRegistry.publishServiceEvent(Lorg/osgi/framework/ServiceEvent;)V+8
j  org.eclipse.osgi.internal.serviceregistry.ServiceRegistrationImpl.register(Ljava/util/Dictionary;)V+137
j  org.eclipse.osgi.internal.serviceregistry.ServiceRegistry.registerService(Lorg/eclipse/osgi/internal/framework/BundleContextImpl;[Ljava/lang/String;Ljava/lang/Object;Ljava/util/Dictionary;)Lorg/eclipse/osgi/internal/serviceregistry/ServiceRegistrationImpl;+317
j  org.eclipse.osgi.internal.framework.BundleContextImpl.registerService([Ljava/lang/String;Ljava/lang/Object;Ljava/util/Dictionary;)Lorg/osgi/framework/ServiceRegistration;+15
j  org.apache.felix.scr.impl.manager.AbstractComponentManager$3.register([Ljava/lang/String;)Lorg/osgi/framework/ServiceRegistration;+32
j  org.apache.felix.scr.impl.manager.AbstractComponentManager$3.register([Ljava/lang/String;)Ljava/lang/Object;+2
j  org.apache.felix.scr.impl.manager.RegistrationManager.changeRegistration(Lorg/apache/felix/scr/impl/manager/RegistrationManager$RegState;[Ljava/lang/String;)Z+697
j  org.apache.felix.scr.impl.manager.AbstractComponentManager.registerService()Z+17
j  org.apache.felix.scr.impl.manager.AbstractComponentManager.activateInternal()V+355
j  org.apache.felix.scr.impl.manager.DependencyManager$SingleStaticCustomizer.addedService(Lorg/osgi/framework/ServiceReference;Lorg/apache/felix/scr/impl/inject/RefPair;IILorg/apache/felix/scr/impl/manager/ExtendedServiceEvent;)V+267
j  org.apache.felix.scr.impl.manager.DependencyManager$SingleStaticCustomizer.addedService(Lorg/osgi/framework/ServiceReference;Ljava/lang/Object;IILorg/osgi/framework/ServiceEvent;)V+14
j  org.apache.felix.scr.impl.manager.ServiceTracker$Tracked.customizerAdded(Lorg/osgi/framework/ServiceReference;Lorg/osgi/framework/ServiceEvent;Ljava/lang/Object;II)V+14
j  org.apache.felix.scr.impl.manager.ServiceTracker$Tracked.customizerAdded(Ljava/lang/Object;Ljava/lang/Object;Ljava/lang/Object;II)V+14
j  org.apache.felix.scr.impl.manager.ServiceTracker$AbstractTracked.trackAdding(Ljava/lang/Object;Ljava/lang/Object;)V+207
j  org.apache.felix.scr.impl.manager.ServiceTracker$AbstractTracked.track(Ljava/lang/Object;Ljava/lang/Object;)V+104
j  org.apache.felix.scr.impl.manager.ServiceTracker$Tracked.serviceChanged(Lorg/osgi/framework/ServiceEvent;)V+67
j  org.apache.felix.scr.impl.BundleComponentActivator$ListenerInfo.serviceChanged(Lorg/osgi/framework/ServiceEvent;)V+66
J 2471 c1 org.eclipse.osgi.internal.serviceregistry.FilteredServiceListener.serviceChanged(Lorg/osgi/framework/ServiceEvent;)V (296 bytes) @ 0x0000024f532cd634 [0x0000024f532cad20+0x0000000000002914]
J 2565 c1 org.eclipse.osgi.internal.framework.BundleContextImpl.dispatchEvent(Ljava/lang/Object;Ljava/lang/Object;ILjava/lang/Object;)V (577 bytes) @ 0x0000024f53306cac [0x0000024f53303400+0x00000000000038ac]
J 2513 c1 org.eclipse.osgi.framework.eventmgr.EventManager.dispatchEvent(Ljava/util/Set;Lorg/eclipse/osgi/framework/eventmgr/EventDispatcher;ILjava/lang/Object;)V (69 bytes) @ 0x0000024f532e5d54 [0x0000024f532e5840+0x0000000000000514]
j  org.eclipse.osgi.framework.eventmgr.ListenerQueue.dispatchEventSynchronous(ILjava/lang/Object;)V+67
j  org.eclipse.osgi.internal.serviceregistry.ServiceRegistry.publishServiceEventPrivileged(Lorg/osgi/framework/ServiceEvent;)V+320
j  org.eclipse.osgi.internal.serviceregistry.ServiceRegistry.publishServiceEvent(Lorg/osgi/framework/ServiceEvent;)V+8
j  org.eclipse.osgi.internal.serviceregistry.ServiceRegistrationImpl.register(Ljava/util/Dictionary;)V+137
j  org.eclipse.osgi.internal.serviceregistry.ServiceRegistry.registerService(Lorg/eclipse/osgi/internal/framework/BundleContextImpl;[Ljava/lang/String;Ljava/lang/Object;Ljava/util/Dictionary;)Lorg/eclipse/osgi/internal/serviceregistry/ServiceRegistrationImpl;+317
j  org.eclipse.osgi.internal.framework.BundleContextImpl.registerService([Ljava/lang/String;Ljava/lang/Object;Ljava/util/Dictionary;)Lorg/osgi/framework/ServiceRegistration;+15
j  org.apache.felix.scr.impl.manager.AbstractComponentManager$3.register([Ljava/lang/String;)Lorg/osgi/framework/ServiceRegistration;+32
j  org.apache.felix.scr.impl.manager.AbstractComponentManager$3.register([Ljava/lang/String;)Ljava/lang/Object;+2
j  org.apache.felix.scr.impl.manager.RegistrationManager.changeRegistration(Lorg/apache/felix/scr/impl/manager/RegistrationManager$RegState;[Ljava/lang/String;)Z+697
j  org.apache.felix.scr.impl.manager.AbstractComponentManager.registerService()Z+17
j  org.apache.felix.scr.impl.manager.AbstractComponentManager.activateInternal()V+355
j  org.apache.felix.scr.impl.manager.DependencyManager$SingleStaticCustomizer.addedService(Lorg/osgi/framework/ServiceReference;Lorg/apache/felix/scr/impl/inject/RefPair;IILorg/apache/felix/scr/impl/manager/ExtendedServiceEvent;)V+267
j  org.apache.felix.scr.impl.manager.DependencyManager$SingleStaticCustomizer.addedService(Lorg/osgi/framework/ServiceReference;Ljava/lang/Object;IILorg/osgi/framework/ServiceEvent;)V+14
j  org.apache.felix.scr.impl.manager.ServiceTracker$Tracked.customizerAdded(Lorg/osgi/framework/ServiceReference;Lorg/osgi/framework/ServiceEvent;Ljava/lang/Object;II)V+14
j  org.apache.felix.scr.impl.manager.ServiceTracker$Tracked.customizerAdded(Ljava/lang/Object;Ljava/lang/Object;Ljava/lang/Object;II)V+14
j  org.apache.felix.scr.impl.manager.ServiceTracker$AbstractTracked.trackAdding(Ljava/lang/Object;Ljava/lang/Object;)V+207
j  org.apache.felix.scr.impl.manager.ServiceTracker$AbstractTracked.track(Ljava/lang/Object;Ljava/lang/Object;)V+104
j  org.apache.felix.scr.impl.manager.ServiceTracker$Tracked.serviceChanged(Lorg/osgi/framework/ServiceEvent;)V+67
j  org.apache.felix.scr.impl.BundleComponentActivator$ListenerInfo.serviceChanged(Lorg/osgi/framework/ServiceEvent;)V+66
J 2471 c1 org.eclipse.osgi.internal.serviceregistry.FilteredServiceListener.serviceChanged(Lorg/osgi/framework/ServiceEvent;)V (296 bytes) @ 0x0000024f532cd634 [0x0000024f532cad20+0x0000000000002914]
J 2565 c1 org.eclipse.osgi.internal.framework.BundleContextImpl.dispatchEvent(Ljava/lang/Object;Ljava/lang/Object;ILjava/lang/Object;)V (577 bytes) @ 0x0000024f53306cac [0x0000024f53303400+0x00000000000038ac]
J 2513 c1 org.eclipse.osgi.framework.eventmgr.EventManager.dispatchEvent(Ljava/util/Set;Lorg/eclipse/osgi/framework/eventmgr/EventDispatcher;ILjava/lang/Object;)V (69 bytes) @ 0x0000024f532e5d54 [0x0000024f532e5840+0x0000000000000514]
j  org.eclipse.osgi.framework.eventmgr.ListenerQueue.dispatchEventSynchronous(ILjava/lang/Object;)V+67
j  org.eclipse.osgi.internal.serviceregistry.ServiceRegistry.publishServiceEventPrivileged(Lorg/osgi/framework/ServiceEvent;)V+320
j  org.eclipse.osgi.internal.serviceregistry.ServiceRegistry.publishServiceEvent(Lorg/osgi/framework/ServiceEvent;)V+8
j  org.eclipse.osgi.internal.serviceregistry.ServiceRegistrationImpl.register(Ljava/util/Dictionary;)V+137
j  org.eclipse.osgi.internal.serviceregistry.ServiceRegistry.registerService(Lorg/eclipse/osgi/internal/framework/BundleContextImpl;[Ljava/lang/String;Ljava/lang/Object;Ljava/util/Dictionary;)Lorg/eclipse/osgi/internal/serviceregistry/ServiceRegistrationImpl;+317
j  org.eclipse.osgi.internal.framework.BundleContextImpl.registerService([Ljava/lang/String;Ljava/lang/Object;Ljava/util/Dictionary;)Lorg/osgi/framework/ServiceRegistration;+15
j  org.eclipse.osgi.internal.framework.BundleContextImpl.registerService(Ljava/lang/String;Ljava/lang/Object;Ljava/util/Dictionary;)Lorg/osgi/framework/ServiceRegistration;+15
j  org.eclipse.osgi.internal.framework.BundleContextImpl.registerService(Ljava/lang/Class;Ljava/lang/Object;Ljava/util/Dictionary;)Lorg/osgi/framework/ServiceRegistration;+7
j  org.eclipse.core.resources.ResourcesPlugin$WorkspaceInitCustomizer.addingService(Lorg/osgi/framework/ServiceReference;)Lorg/eclipse/core/internal/resources/Workspace;+83
j  org.eclipse.core.resources.ResourcesPlugin$WorkspaceInitCustomizer.addingService(Lorg/osgi/framework/ServiceReference;)Ljava/lang/Object;+5
j  org.osgi.util.tracker.ServiceTracker$Tracked.customizerAdding(Lorg/osgi/framework/ServiceReference;Lorg/osgi/framework/ServiceEvent;)Ljava/lang/Object;+8
j  org.osgi.util.tracker.ServiceTracker$Tracked.customizerAdding(Ljava/lang/Object;Ljava/lang/Object;)Ljava/lang/Object;+9
J 2676 c1 org.osgi.util.tracker.AbstractTracked.trackAdding(Ljava/lang/Object;Ljava/lang/Object;)V (167 bytes) @ 0x0000024f5334330c [0x0000024f533431e0+0x000000000000012c]
j  org.osgi.util.tracker.AbstractTracked.trackInitial()V+90
j  org.osgi.util.tracker.ServiceTracker.open(Z)V+198
j  org.osgi.util.tracker.ServiceTracker.open()V+2
j  org.eclipse.core.resources.ResourcesPlugin.start(Lorg/osgi/framework/BundleContext;)V+106
j  org.eclipse.osgi.internal.framework.BundleContextImpl$2.run()Ljava/lang/Void;+23
j  org.eclipse.osgi.internal.framework.BundleContextImpl$2.run()Ljava/lang/Object;+1
J 1152 c1 java.security.AccessController.executePrivileged(Ljava/security/PrivilegedExceptionAction;Ljava/security/AccessControlContext;Ljava/lang/Class;)Ljava/lang/Object; java.base@21.0.10 (65 bytes) @ 0x0000024f52ff2644 [0x0000024f52ff24e0+0x0000000000000164]
j  java.security.AccessController.doPrivileged(Ljava/security/PrivilegedExceptionAction;)Ljava/lang/Object;+9 java.base@21.0.10
j  org.eclipse.osgi.internal.framework.BundleContextImpl.startActivator(Lorg/osgi/framework/BundleActivator;)V+9
j  org.eclipse.osgi.internal.framework.BundleContextImpl.start()V+141
j  org.eclipse.osgi.internal.framework.EquinoxBundle.startWorker0()V+35
j  org.eclipse.osgi.internal.framework.EquinoxBundle$EquinoxModule.startWorker()V+4
j  org.eclipse.osgi.container.Module.doStart([Lorg/eclipse/osgi/container/Module$StartOptions;)Lorg/eclipse/osgi/container/ModuleContainerAdaptor$ModuleEvent;+200
j  org.eclipse.osgi.container.Module.start([Lorg/eclipse/osgi/container/Module$StartOptions;)V+460
j  org.eclipse.osgi.framework.util.SecureAction.start(Lorg/eclipse/osgi/container/Module;[Lorg/eclipse/osgi/container/Module$StartOptions;)V+8
J 2528 c1 org.eclipse.osgi.internal.hooks.EclipseLazyStarter.postFindLocalClass(Ljava/lang/String;Ljava/lang/Class;Lorg/eclipse/osgi/internal/loader/classpath/ClasspathManager;)V (394 bytes) @ 0x0000024f532ee414 [0x0000024f532ed440+0x0000000000000fd4]
J 2797 c1 org.eclipse.osgi.internal.loader.classpath.ClasspathManager.findLocalClass(Ljava/lang/String;)Ljava/lang/Class; (210 bytes) @ 0x0000024f5338dff4 [0x0000024f5338cfe0+0x0000000000001014]
J 2526 c1 org.eclipse.osgi.internal.loader.BundleLoader.findLocalClass(Ljava/lang/String;)Ljava/lang/Class; (159 bytes) @ 0x0000024f532eaccc [0x0000024f532ea0e0+0x0000000000000bec]
J 2453 c1 org.eclipse.osgi.internal.loader.BundleLoader.findClass0(Ljava/lang/String;ZZ)Ljava/lang/Class; (490 bytes) @ 0x0000024f532bef5c [0x0000024f532bbdc0+0x000000000000319c]
J 2452 c1 org.eclipse.osgi.internal.loader.BundleLoader.findClass(Ljava/lang/String;)Ljava/lang/Class; (8 bytes) @ 0x0000024f532bb3cc [0x0000024f532bb340+0x000000000000008c]
J 2454 c1 org.eclipse.osgi.internal.loader.ModuleClassLoader.loadClass(Ljava/lang/String;Z)Ljava/lang/Class; (36 bytes) @ 0x0000024f532c2d4c [0x0000024f532c2b20+0x000000000000022c]
J 1013 c1 java.lang.ClassLoader.loadClass(Ljava/lang/String;)Ljava/lang/Class; java.base@21.0.10 (7 bytes) @ 0x0000024f52faff54 [0x0000024f52fafe40+0x0000000000000114]
v  ~StubRoutines::call_stub 0x0000024f5a3510e7
j  java.lang.Class.getDeclaredConstructors0(Z)[Ljava/lang/reflect/Constructor;+0 java.base@21.0.10
j  java.lang.Class.privateGetDeclaredConstructors(Z)[Ljava/lang/reflect/Constructor;+52 java.base@21.0.10
j  java.lang.Class.getConstructor0([Ljava/lang/Class;I)Ljava/lang/reflect/Constructor;+14 java.base@21.0.10
j  java.lang.Class.getConstructor([Ljava/lang/Class;)Ljava/lang/reflect/Constructor;+24 java.base@21.0.10
j  org.eclipse.osgi.internal.framework.BundleContextImpl.loadBundleActivator()Lorg/osgi/framework/BundleActivator;+105
j  org.eclipse.osgi.internal.framework.BundleContextImpl.start()V+18
j  org.eclipse.osgi.internal.framework.EquinoxBundle.startWorker0()V+35
j  org.eclipse.osgi.internal.framework.EquinoxBundle$EquinoxModule.startWorker()V+4
j  org.eclipse.osgi.container.Module.doStart([Lorg/eclipse/osgi/container/Module$StartOptions;)Lorg/eclipse/osgi/container/ModuleContainerAdaptor$ModuleEvent;+200
j  org.eclipse.osgi.container.Module.start([Lorg/eclipse/osgi/container/Module$StartOptions;)V+460
j  org.eclipse.osgi.container.ModuleContainer$ContainerStartLevel$2.run()V+83
j  org.eclipse.osgi.internal.framework.EquinoxContainerAdaptor$1$1.execute(Ljava/lang/Runnable;)V+1
j  org.eclipse.osgi.container.ModuleContainer$ContainerStartLevel.incStartLevel(ILjava/util/List;Z)V+193
j  org.eclipse.osgi.container.ModuleContainer$ContainerStartLevel.incStartLevel(ILjava/util/List;Ljava/util/List;Ljava/util/List;Ljava/util/List;)V+19
j  org.eclipse.osgi.container.ModuleContainer$ContainerStartLevel.doContainerStartLevel(Lorg/eclipse/osgi/container/Module;I[Lorg/osgi/framework/FrameworkListener;)V+358
j  org.eclipse.osgi.container.ModuleContainer$ContainerStartLevel.dispatchEvent(Lorg/eclipse/osgi/container/Module;[Lorg/osgi/framework/FrameworkListener;ILjava/lang/Integer;)V+32
j  org.eclipse.osgi.container.ModuleContainer$ContainerStartLevel.dispatchEvent(Ljava/lang/Object;Ljava/lang/Object;ILjava/lang/Object;)V+15
j  org.eclipse.osgi.framework.eventmgr.EventManager.dispatchEvent(Ljava/util/Set;Lorg/eclipse/osgi/framework/eventmgr/EventDispatcher;ILjava/lang/Object;)V+48
j  org.eclipse.osgi.framework.eventmgr.EventManager$EventThread.run()V+26
v  ~StubRoutines::call_stub 0x0000024f5a3510e7

Compiled method (n/a) 13146  912     n 0       java.lang.ClassLoader::defineClass0 (native)
 total in heap  [0x0000024f5a951790,0x0000024f5a951c48] = 1208
 relocation     [0x0000024f5a9518f0,0x0000024f5a951928] = 56
 main code      [0x0000024f5a951940,0x0000024f5a951c41] = 769
 stub code      [0x0000024f5a951c41,0x0000024f5a951c48] = 7

[Constant Pool (empty)]

[MachCode]
[Entry Point]
  # {method} {0x0000024f00434930} 'defineClass0' '(Ljava/lang/ClassLoader;Ljava/lang/Class;Ljava/lang/String;[BIILjava/security/ProtectionDomain;ZILjava/lang/Object;)Ljava/lang/Class;' in 'java/lang/ClassLoader'
  # parm0:    rdx:rdx   = 'java/lang/ClassLoader'
  # parm1:    r8:r8     = 'java/lang/Class'
  # parm2:    r9:r9     = 'java/lang/String'
  # parm3:    rdi:rdi   = '[B'
  # parm4:    rsi       = int
  # parm5:    rcx       = int
  # parm6:    [sp+0xb0]   = 'java/security/ProtectionDomain'  (sp of caller)
  # parm7:    [sp+0xb8]   = boolean
  # parm8:    [sp+0xc0]   = int
  # parm9:    [sp+0xc8]   = 'java/lang/Object'
  0x0000024f5a951940: 448b 5208 | 49bb 0000 | 0000 4f02 | 0000 4d03 | d349 3bc2 | 0f84 0600 

  0x0000024f5a951958: ;   {runtime_call ic_miss_stub}
  0x0000024f5a951958: 0000 e921 | cda4 ff90 
[Verified Entry Point]
  0x0000024f5a951960: 8984 2400 | 80ff ff55 | 488b ec48 | 81ec a000 | 0000 6690 | 4181 7f20 | 0200 0000 

  0x0000024f5a95197c: ;   {runtime_call StubRoutines (final stubs)}
  0x0000024f5a95197c: 7405 e87d | bea3 ff48 | 837d 2800 | 488d 4528 | 480f 4445 | 2848 8944 | 2458 4863 | 4520 4889 
  0x0000024f5a95199c: 4424 5048 | 6345 1848 | 8944 2448 | 4883 7d10 | 0048 8d45 | 1048 0f44 | 4510 4889 | 4424 4048 
  0x0000024f5a9519bc: 894c 2438 | 4889 7424 | 3048 897c | 2478 4883 | ff00 488d | 4424 7848 | 0f44 4424 | 7848 8944 
  0x0000024f5a9519dc: 2428 4c89 | 4c24 7049 | 83f9 0048 | 8d44 2470 | 480f 4444 | 2470 4889 | 4424 204c | 8944 2468 
  0x0000024f5a9519fc: 4983 f800 | 4c8d 4c24 | 684c 0f44 | 4c24 6848 | 8954 2460 | 4883 fa00 | 4c8d 4424 | 604c 0f44 
  0x0000024f5a951a1c: ;   {oop(a 'java/lang/Class'{0x00000000807b28b0} = 'java/lang/ClassLoader')}
  0x0000024f5a951a1c: 4424 6049 | beb0 287b | 8000 0000 | 004c 89b4 | 2490 0000 | 004c 8db4 | 2490 0000 | 0049 8bd6 
  0x0000024f5a951a3c: ;   {internal_word}
  0x0000024f5a951a3c: c5f8 7749 | ba3c 1a95 | 5a4f 0200 | 004d 8997 | a803 0000 | 4989 a7a0 

  0x0000024f5a951a54: ;   {external_word}
  0x0000024f5a951a54: 0300 0049 | bac6 5cbe | 3fff 7f00 | 0041 803a | 000f 844e | 0000 0052 | 4150 4151 

  0x0000024f5a951a70: ;   {metadata({method} {0x0000024f00434930} 'defineClass0' '(Ljava/lang/ClassLoader;Ljava/lang/Class;Ljava/lang/String;[BIILjava/security/ProtectionDomain;ZILjava/lang/Object;)Ljava/lang/Class;' in 'java/lang/ClassLoader')}
  0x0000024f5a951a70: 48ba 2849 | 4300 4f02 | 0000 498b | cf48 83ec | 2040 f6c4 | 0f0f 8419 | 0000 0048 

  0x0000024f5a951a8c: ;   {runtime_call}
  0x0000024f5a951a8c: 83ec 0848 | b850 e167 | 3fff 7f00 | 00ff d048 | 83c4 08e9 | 0c00 0000 

  0x0000024f5a951aa4: ;   {runtime_call}
  0x0000024f5a951aa4: 48b8 50e1 | 673f ff7f | 0000 ffd0 | 4883 c420 | 4159 4158 | 5a49 8d8f | c003 0000 | 41c7 874c 
  0x0000024f5a951ac4: 0400 0004 

  0x0000024f5a951ac8: ;   {runtime_call}
  0x0000024f5a951ac8: 0000 0048 | b81c 15e9 | 6bff 7f00 | 00ff d0c5 | f877 41c7 | 874c 0400 | 0005 0000 | 00f0 8344 
  0x0000024f5a951ae8: 24c0 0049 | 3baf 5004 | 0000 0f87 | 0e00 0000 | 4183 bf48 | 0400 0000 | 0f84 2b00 | 0000 c5f8 
  0x0000024f5a951b08: 7748 8945 | f849 8bcf | 4c8b e448 | 83ec 2048 

  0x0000024f5a951b18: ;   {runtime_call}
  0x0000024f5a951b18: 83e4 f048 | b8d0 5233 | 3fff 7f00 | 00ff d049 | 8be4 4d33 | e448 8b45 | f841 c787 | 4c04 0000 
  0x0000024f5a951b38: 0800 0000 | 4183 bfc8 | 0400 0002 | 0f84 ca00 

  0x0000024f5a951b48: ;   {external_word}
  0x0000024f5a951b48: 0000 49ba | c65c be3f | ff7f 0000 | 4180 3a00 | 0f84 4c00 | 0000 4889 

  0x0000024f5a951b60: ;   {metadata({method} {0x0000024f00434930} 'defineClass0' '(Ljava/lang/ClassLoader;Ljava/lang/Class;Ljava/lang/String;[BIILjava/security/ProtectionDomain;ZILjava/lang/Object;)Ljava/lang/Class;' in 'java/lang/ClassLoader')}
  0x0000024f5a951b60: 45f8 48ba | 2849 4300 | 4f02 0000 | 498b cf48 | 83ec 2040 | f6c4 0f0f | 8419 0000 | 0048 83ec 
  0x0000024f5a951b80: ;   {runtime_call}
  0x0000024f5a951b80: 0848 b850 | e167 3fff | 7f00 00ff | d048 83c4 | 08e9 0c00 

  0x0000024f5a951b94: ;   {runtime_call}
  0x0000024f5a951b94: 0000 48b8 | 50e1 673f | ff7f 0000 | ffd0 4883 | c420 488b | 45f8 49c7 | 87a0 0300 | 0000 0000 
  0x0000024f5a951bb4: 0049 c787 | a803 0000 | 0000 0000 | c5f8 7748 | 85c0 0f84 | 2500 0000 | a803 0f85 | 0800 0000 
  0x0000024f5a951bd4: 488b 00e9 | 1500 0000 | a801 0f85 | 0900 0000 | 488b 40fe | e904 0000 | 0048 8b40 | ff49 8b8f 
  0x0000024f5a951bf4: 3004 0000 | c781 0001 | 0000 0000 | 0000 c949 | 837f 0800 | 0f85 0100 

  0x0000024f5a951c0c: ;   {runtime_call StubRoutines (initial stubs)}
  0x0000024f5a951c0c: 0000 c3e9 | ecf2 9fff | c5f8 7748 | 8945 f84c | 8be4 4883 | ec20 4883 

  0x0000024f5a951c24: ;   {runtime_call}
  0x0000024f5a951c24: e4f0 48b8 | a018 683f | ff7f 0000 | ffd0 498b | e44d 33e4 | 488b 45f8 | e909 ffff | fff4 f4f4 
  0x0000024f5a951c44: f4f4 f4f4 
[/MachCode]


Compiled method (c1) 13161 3131       3       java.lang.System$2::defineClass (21 bytes)
 total in heap  [0x0000024f53458110,0x0000024f534584f0] = 992
 relocation     [0x0000024f53458270,0x0000024f534582b0] = 64
 main code      [0x0000024f534582c0,0x0000024f534583f8] = 312
 stub code      [0x0000024f534583f8,0x0000024f53458438] = 64
 metadata       [0x0000024f53458438,0x0000024f53458440] = 8
 scopes data    [0x0000024f53458440,0x0000024f53458488] = 72
 scopes pcs     [0x0000024f53458488,0x0000024f534584d8] = 80
 dependencies   [0x0000024f534584d8,0x0000024f534584e0] = 8
 nul chk table  [0x0000024f534584e0,0x0000024f534584f0] = 16

[Constant Pool (empty)]

[MachCode]
[Entry Point]
  # {method} {0x0000024f00019588} 'defineClass' '(Ljava/lang/ClassLoader;Ljava/lang/Class;Ljava/lang/String;[BLjava/security/ProtectionDomain;ZILjava/lang/Object;)Ljava/lang/Class;' in 'java/lang/System$2'
  # this:     rdx:rdx   = 'java/lang/System$2'
  # parm0:    r8:r8     = 'java/lang/ClassLoader'
  # parm1:    r9:r9     = 'java/lang/Class'
  # parm2:    rdi:rdi   = 'java/lang/String'
  # parm3:    rsi:rsi   = '[B'
  # parm4:    rcx:rcx   = 'java/security/ProtectionDomain'
  # parm5:    [sp+0x70]   = boolean  (sp of caller)
  # parm6:    [sp+0x78]   = int
  # parm7:    [sp+0x80]   = 'java/lang/Object'
  0x0000024f534582c0: 448b 5208 | 49bb 0000 | 0000 4f02 | 0000 4d03 | d34c 3bd0 

  0x0000024f534582d4: ;   {runtime_call ic_miss_stub}
  0x0000024f534582d4: 0f85 a663 | f406 660f | 1f44 0000 
[Verified Entry Point]
  0x0000024f534582e0: 8984 2400 | 80ff ff55 | 4883 ec60 | 4181 7f20 | 0200 0000 

  0x0000024f534582f4: ;   {runtime_call StubRoutines (final stubs)}
  0x0000024f534582f4: 7405 e805 | 55f3 0648 

  0x0000024f534582fc: ;   {metadata(method data for {method} {0x0000024f00019588} 'defineClass' '(Ljava/lang/ClassLoader;Ljava/lang/Class;Ljava/lang/String;[BLjava/security/ProtectionDomain;ZILjava/lang/Object;)Ljava/lang/Class;' in 'java/lang/System$2')}
  0x0000024f534582fc: 8bd9 48b9 | 5892 bc68 | 4f02 0000 | 8b81 cc00 | 0000 83c0 | 0289 81cc | 0000 0025 | fe07 0000 
  0x0000024f5345831c: 85c0 0f84 | 6b00 0000 | 4c8b ac24 | 8000 0000 | 448b 5c24 | 788b 4424 | 708b 4e0c 

  0x0000024f53458338: ;   {metadata(method data for {method} {0x0000024f00019588} 'defineClass' '(Ljava/lang/ClassLoader;Ljava/lang/Class;Ljava/lang/String;[BLjava/security/ProtectionDomain;ZILjava/lang/Object;)Ljava/lang/Class;' in 'java/lang/System$2')}
  0x0000024f53458338: 48ba 5892 | bc68 4f02 | 0000 4883 | 8210 0100 | 0001 498b | d04d 8bc1 | 4c8b cf48 | 8bfe be00 
  0x0000024f53458358: 0000 0048 | 891c 2489 | 4424 0844 | 895c 2410 | 4c89 6c24 

  0x0000024f5345836c: ;   {static_call}
  0x0000024f5345836c: 1866 90e8 

  0x0000024f53458370: ; ImmutableOopMap {}
                      ;*invokestatic defineClass0 {reexecute=0 rethrow=0 return_oop=0}
                      ; - java.lang.System$2::defineClass@17
  0x0000024f53458370: ec95 4f07 

  0x0000024f53458374: ;   {other}
  0x0000024f53458374: 0f1f 8400 | 6402 0000 | 4883 c460 

  0x0000024f53458380: ;   {poll_return}
  0x0000024f53458380: 5d49 3ba7 | 5004 0000 | 0f87 2700 

  0x0000024f5345838c: ;   {metadata({method} {0x0000024f00019588} 'defineClass' '(Ljava/lang/ClassLoader;Ljava/lang/Class;Ljava/lang/String;[BLjava/security/ProtectionDomain;ZILjava/lang/Object;)Ljava/lang/Class;' in 'java/lang/System$2')}
  0x0000024f5345838c: 0000 c349 | ba80 9501 | 004f 0200 | 004c 8954 | 2408 48c7 | 0424 ffff 

  0x0000024f534583a4: ;   {runtime_call counter_overflow Runtime1 stub}
  0x0000024f534583a4: ffff e8d5 

  0x0000024f534583a8: ; ImmutableOopMap {rdx=Oop r8=Oop r9=Oop rdi=Oop rsi=Oop rbx=Oop [128]=Oop }
                      ;*synchronization entry
                      ; - java.lang.System$2::defineClass@-1
  0x0000024f534583a8: c8ff 06e9 | 74ff ffff 

  0x0000024f534583b0: ;   {runtime_call throw_null_pointer_exception Runtime1 stub}
  0x0000024f534583b0: e86b 66ff 

  0x0000024f534583b4: ; ImmutableOopMap {r8=Oop r9=Oop rdi=Oop rsi=Oop rbx=Oop r13=Oop [128]=Oop }
                      ;*arraylength {reexecute=0 rethrow=0 return_oop=0}
                      ; - java.lang.System$2::defineClass@8
                      ;   {internal_word}
  0x0000024f534583b4: 0649 ba81 | 8345 534f | 0200 004d | 8997 6804 

  0x0000024f534583c4: ;   {runtime_call SafepointBlob}
  0x0000024f534583c4: 0000 e9b5 | d7f4 0649 | 8b87 0005 | 0000 49c7 | 8700 0500 | 0000 0000 | 0049 c787 | 0805 0000 
  0x0000024f534583e4: 0000 0000 | 4883 c460 

  0x0000024f534583ec: ;   {runtime_call unwind_exception Runtime1 stub}
  0x0000024f534583ec: 5de9 0e86 | f606 f4f4 | f4f4 f4f4 
[Stub Code]
  0x0000024f534583f8: ;   {no_reloc}
  0x0000024f534583f8: 48bb 0000 | 0000 0000 

  0x0000024f53458400: ;   {runtime_call nmethod}
  0x0000024f53458400: 0000 e9fb 

  0x0000024f53458404: ;   {runtime_call handle_exception_from_callee Runtime1 stub}
  0x0000024f53458404: ffff ffe8 | f48b ff06 

  0x0000024f5345840c: ;   {external_word}
  0x0000024f5345840c: 48b9 4053 | 943f ff7f | 0000 4883 

  0x0000024f53458418: ;   {runtime_call}
  0x0000024f53458418: e4f0 48b8 | b0c3 563f | ff7f 0000 

  0x0000024f53458424: ;   {section_word}
  0x0000024f53458424: ffd0 f449 | ba27 8445 | 534f 0200 

  0x0000024f53458430: ;   {runtime_call DeoptimizationBlob}
  0x0000024f53458430: 0041 52e9 | e8eb f406 
[/MachCode]


Compiled method (c1) 13170 3130   !   3       java.lang.invoke.MethodHandles$Lookup$ClassDefiner::defineClass (213 bytes)
 total in heap  [0x0000024f53456e90,0x0000024f534580e0] = 4688
 relocation     [0x0000024f53456ff0,0x0000024f53457110] = 288
 main code      [0x0000024f53457120,0x0000024f53457b50] = 2608
 stub code      [0x0000024f53457b50,0x0000024f53457bc8] = 120
 metadata       [0x0000024f53457bc8,0x0000024f53457c50] = 136
 scopes data    [0x0000024f53457c50,0x0000024f53457e68] = 536
 scopes pcs     [0x0000024f53457e68,0x0000024f53458028] = 448
 dependencies   [0x0000024f53458028,0x0000024f53458050] = 40
 handler table  [0x0000024f53458050,0x0000024f53458098] = 72
 nul chk table  [0x0000024f53458098,0x0000024f534580e0] = 72

[Constant Pool (empty)]

[MachCode]
[Entry Point]
  # {method} {0x0000024f001eac10} 'defineClass' '(ZLjava/lang/Object;)Ljava/lang/Class;' in 'java/lang/invoke/MethodHandles$Lookup$ClassDefiner'
  # this:     rdx:rdx   = 'java/lang/invoke/MethodHandles$Lookup$ClassDefiner'
  # parm0:    r8        = boolean
  # parm1:    r9:r9     = 'java/lang/Object'
  #           [sp+0xf0]  (sp of caller)
  0x0000024f53457120: 448b 5208 | 49bb 0000 | 0000 4f02 | 0000 4d03 | d34c 3bd0 

  0x0000024f53457134: ;   {runtime_call ic_miss_stub}
  0x0000024f53457134: 0f85 4675 | f406 660f | 1f44 0000 
[Verified Entry Point]
  0x0000024f53457140: 8984 2400 | 80ff ff55 | 4881 ece0 | 0000 0090 | 4181 7f20 | 0200 0000 

  0x0000024f53457158: ;   {runtime_call StubRoutines (final stubs)}
  0x0000024f53457158: 7405 e8a1 | 66f3 0648 | 8994 2498 | 0000 0044 | 8984 24b0 | 0000 004c | 898c 24b8 

  0x0000024f53457174: ;   {metadata(method data for {method} {0x0000024f001eac10} 'defineClass' '(ZLjava/lang/Object;)Ljava/lang/Class;' in 'java/lang/invoke/MethodHandles$Lookup$ClassDefiner')}
  0x0000024f53457174: 0000 0048 | be30 87bc | 684f 0200 | 008b becc | 0000 0083 | c702 89be | cc00 0000 | 81e7 fe07 
  0x0000024f53457194: 0000 85ff | 0f84 6307 | 0000 8b72 | 1048 89b4 | 2490 0000 | 0048 3b06 

  0x0000024f534571ac: ;   {metadata(method data for {method} {0x0000024f001eac10} 'defineClass' '(ZLjava/lang/Object;)Ljava/lang/Class;' in 'java/lang/invoke/MethodHandles$Lookup$ClassDefiner')}
  0x0000024f534571ac: 488b fe48 | bb30 87bc | 684f 0200 | 0048 8383 | 1001 0000 | 018b 7e10 | 4889 bc24 | a800 0000 
  0x0000024f534571cc: ; implicit exception: dispatches to 0x0000024f53457927
  0x0000024f534571cc: 483b 0748 

  0x0000024f534571d0: ;   {metadata(method data for {method} {0x0000024f001eac10} 'defineClass' '(ZLjava/lang/Object;)Ljava/lang/Class;' in 'java/lang/invoke/MethodHandles$Lookup$ClassDefiner')}
  0x0000024f534571d0: 8bdf 48b8 | 3087 bc68 | 4f02 0000 | 4883 8048 | 0100 0001 

  0x0000024f534571e4: ;   {metadata(method data for {method} {0x0000024f00469178} 'getClassLoader' '()Ljava/lang/ClassLoader;' in 'java/lang/Class')}
  0x0000024f534571e4: 48bb b862 | 0268 4f02 | 0000 8b83 | cc00 0000 | 83c0 0289 | 83cc 0000 | 0025 feff | 1f00 85c0 
  0x0000024f53457204: 0f84 2207 | 0000 8b5f | 3448 85db 

  0x0000024f53457210: ;   {metadata(method data for {method} {0x0000024f00469178} 'getClassLoader' '()Ljava/lang/ClassLoader;' in 'java/lang/Class')}
  0x0000024f53457210: 48b8 b862 | 0268 4f02 | 0000 48c7 | c110 0100 | 0075 0748 | c7c1 2001 | 0000 4c8b | 1c08 4d8d 
  0x0000024f53457230: 5b01 4c89 | 1c08 0f85 | 0f00 0000 

  0x0000024f5345723c: ;   {oop(nullptr)}
  0x0000024f5345723c: 48bb 0000 | 0000 0000 | 0000 e9a2 

  0x0000024f53457248: ;   {metadata(method data for {method} {0x0000024f00469178} 'getClassLoader' '()Ljava/lang/ClassLoader;' in 'java/lang/Class')}
  0x0000024f53457248: 0000 0048 | b8b8 6202 | 684f 0200 | 0048 8380 | 3001 0000 

  0x0000024f5345725c: ;   {metadata(method data for {method} {0x0000024f0001b1d0} 'getSecurityManager' '()Ljava/lang/SecurityManager;' in 'java/lang/System')}
  0x0000024f5345725c: 0148 b878 | 6402 684f | 0200 008b | 88cc 0000 | 0083 c102 | 8988 cc00 | 0000 81e1 | feff 1f00 
  0x0000024f5345727c: 85c9 0f84 | c906 0000 

  0x0000024f53457284: ;   {metadata(method data for {method} {0x0000024f0001b1d0} 'getSecurityManager' '()Ljava/lang/SecurityManager;' in 'java/lang/System')}
  0x0000024f53457284: 48b8 7864 | 0268 4f02 | 0000 4883 | 8010 0100 

  0x0000024f53457294: ;   {metadata(method data for {method} {0x0000024f0001b2e8} 'allowSecurityManager' '()Z' in 'java/lang/System')}
  0x0000024f53457294: 0001 48b8 | f065 0268 | 4f02 0000 | 8b88 cc00 | 0000 83c1 | 0289 88cc | 0000 0081 | e1fe ff1f 
  0x0000024f534572b4: 0085 c90f | 84b1 0600 

  0x0000024f534572bc: ;   {metadata(method data for {method} {0x0000024f0001b2e8} 'allowSecurityManager' '()Z' in 'java/lang/System')}
  0x0000024f534572bc: 0048 b8f0 | 6502 684f | 0200 00ff | 8010 0100 

  0x0000024f534572cc: ;   {metadata(method data for {method} {0x0000024f0001b1d0} 'getSecurityManager' '()Ljava/lang/SecurityManager;' in 'java/lang/System')}
  0x0000024f534572cc: 0048 b878 | 6402 684f | 0200 00ff | 8020 0100 

  0x0000024f534572dc: ;   {metadata(method data for {method} {0x0000024f00469178} 'getClassLoader' '()Ljava/lang/ClassLoader;' in 'java/lang/Class')}
  0x0000024f534572dc: 0048 b8b8 | 6202 684f | 0200 00ff | 8040 0100 | 0048 85db 

  0x0000024f534572f0: ;   {metadata(method data for {method} {0x0000024f001eac10} 'defineClass' '(ZLjava/lang/Object;)Ljava/lang/Class;' in 'java/lang/invoke/MethodHandles$Lookup$ClassDefiner')}
  0x0000024f534572f0: 48b8 3087 | bc68 4f02 | 0000 48c7 | c180 0100 | 0074 0748 | c7c1 9001 | 0000 4c8b | 1c08 4d8d 
  0x0000024f53457310: 5b01 4c89 | 1c08 0f84 | 3f02 0000 

  0x0000024f5345731c: ;   {metadata(method data for {method} {0x0000024f001eac10} 'defineClass' '(ZLjava/lang/Object;)Ljava/lang/Class;' in 'java/lang/invoke/MethodHandles$Lookup$ClassDefiner')}
  0x0000024f5345731c: 488b c648 | b930 87bc | 684f 0200 | 0048 8381 | a001 0000 

  0x0000024f53457330: ;   {metadata(method data for {method} {0x0000024f003e0898} 'lookupClassProtectionDomain' '()Ljava/security/ProtectionDomain;' in 'java/lang/invoke/MethodHandles$Lookup')}
  0x0000024f53457330: 0148 b868 | 8dbc 684f | 0200 008b | 88cc 0000 | 0083 c102 | 8988 cc00 | 0000 81e1 | feff 1f00 
  0x0000024f53457350: 85c9 0f84 | 3706 0000 | 8b46 1848 

  0x0000024f5345735c: ;   {metadata(method data for {method} {0x0000024f003e0898} 'lookupClassProtectionDomain' '()Ljava/security/ProtectionDomain;' in 'java/lang/invoke/MethodHandles$Lookup')}
  0x0000024f5345735c: 85c0 48b9 | 688d bc68 | 4f02 0000 | 49c7 c310 | 0100 0075 | 0749 c7c3 | 2001 0000 | 4e8b 2c19 
  0x0000024f5345737c: 4d8d 6d01 | 4e89 2c19 | 4889 9c24 | a000 0000 | 0f85 b301 

  0x0000024f53457390: ;   {metadata(method data for {method} {0x0000024f003e0898} 'lookupClassProtectionDomain' '()Ljava/security/ProtectionDomain;' in 'java/lang/invoke/MethodHandles$Lookup')}
  0x0000024f53457390: 0000 48b8 | 688d bc68 | 4f02 0000 | 4883 8030 | 0100 0001 

  0x0000024f534573a4: ;   {metadata(method data for {method} {0x0000024f00473ea0} 'getJavaLangAccess' '()Ljdk/internal/access/JavaLangAccess;' in 'jdk/internal/access/SharedSecrets')}
  0x0000024f534573a4: 48b8 a806 | 3868 4f02 | 0000 8b88 | cc00 0000 | 83c1 0289 | 88cc 0000 | 0081 e1fe | ff1f 0085 
  0x0000024f534573c4: c90f 84e5 

  0x0000024f534573c8: ;   {oop(a 'java/lang/Class'{0x0000000080001c38} = 'jdk/internal/access/SharedSecrets')}
  0x0000024f534573c8: 0500 0048 | b838 1c00 | 8000 0000 | 008b 407c | 8b4e 1048 | 85c0 0f84 | 2a00 0000 

  0x0000024f534573e4: ;   {metadata('java/lang/System$2')}
  0x0000024f534573e4: 48be 6082 | 0100 4f02 | 0000 448b | 7008 49ba | 0000 0000 | 4f02 0000 | 4d03 f249 | 3b76 380f 
  0x0000024f53457404: 85c8 0500 | 00e9 0000 | 0000 4c8b | d848 3b00 

  0x0000024f53457414: ;   {metadata(method data for {method} {0x0000024f003e0898} 'lookupClassProtectionDomain' '()Ljava/security/ProtectionDomain;' in 'java/lang/invoke/MethodHandles$Lookup')}
  0x0000024f53457414: 48be 688d | bc68 4f02 

  0x0000024f5345741c: ;   {metadata('java/lang/System$2')}
  0x0000024f5345741c: 0000 49ba | 6082 0100 | 4f02 0000 | 4c89 9650 | 0100 0048 | 8386 5801 

  0x0000024f53457434: ;   {metadata(method data for {method} {0x0000024f000192c8} 'protectionDomain' '(Ljava/lang/Class;)Ljava/security/ProtectionDomain;' in 'java/lang/System$2')}
  0x0000024f53457434: 0000 0148 | be20 8fbc | 684f 0200 | 008b 86cc | 0000 0083 | c002 8986 | cc00 0000 | 25fe ff1f 
  0x0000024f53457454: 0085 c00f | 847e 0500 | 0048 3b01 

  0x0000024f53457460: ;   {metadata(method data for {method} {0x0000024f000192c8} 'protectionDomain' '(Ljava/lang/Class;)Ljava/security/ProtectionDomain;' in 'java/lang/System$2')}
  0x0000024f53457460: 488b f148 | b820 8fbc | 684f 0200 | 0048 8380 | 1001 0000 

  0x0000024f53457474: ;   {metadata(method data for {method} {0x0000024f00467ed0} 'protectionDomain' '()Ljava/security/ProtectionDomain;' in 'java/lang/Class')}
  0x0000024f53457474: 0148 beb0 | 90bc 684f | 0200 008b | 86cc 0000 | 0083 c002 | 8986 cc00 | 0000 25fe | ff1f 0085 
  0x0000024f53457494: c00f 8466 | 0500 0048 

  0x0000024f5345749c: ;   {metadata(method data for {method} {0x0000024f00467ed0} 'protectionDomain' '()Ljava/security/ProtectionDomain;' in 'java/lang/Class')}
  0x0000024f5345749c: 8bf1 48b8 | b090 bc68 | 4f02 0000 | 4883 8010 | 0100 0001 | 488b d10f 

  0x0000024f534574b4: ;   {optimized virtual_call}
  0x0000024f534574b4: 1f40 00e8 

  0x0000024f534574b8: ; ImmutableOopMap {[144]=Oop [152]=Oop [160]=Oop [168]=Oop [184]=Oop }
                      ;*invokevirtual getProtectionDomain0 {reexecute=0 rethrow=0 return_oop=0}
                      ; - java.lang.Class::protectionDomain@1
                      ; - java.lang.System$2::protectionDomain@1
                      ; - java.lang.invoke.MethodHandles$Lookup::lookupClassProtectionDomain@17
                      ; - java.lang.invoke.MethodHandles$Lookup$ClassDefiner::defineClass@23
  0x0000024f534574b8: 0464 6007 

  0x0000024f534574bc: ;   {other}
  0x0000024f534574bc: 0f1f 8400 | 2c06 0000 

  0x0000024f534574c4: ;   {metadata(method data for {method} {0x0000024f00467ed0} 'protectionDomain' '()Ljava/security/ProtectionDomain;' in 'java/lang/Class')}
  0x0000024f534574c4: 4885 c049 | b8b0 90bc | 684f 0200 | 0049 c7c1 | 4801 0000 | 7507 49c7 | c158 0100 | 004b 8b3c 
  0x0000024f534574e4: 0848 8d7f | 014b 893c | 080f 8521 | 0000 000f | 1f44 0000 

  0x0000024f534574f8: ;   {no_reloc}
  0x0000024f534574f8: e99d 0500 | 0000 0000 | 0000 660f | 1f44 0000 

  0x0000024f53457508: ; implicit exception: dispatches to 0x0000024f53457aa4
  0x0000024f53457508: e9a8 0500 | 0090 90e9 | 0300 0000 | 4c8b c048 | 8bb4 2490 | 0000 004d | 8bd0 4489 | 5618 f083 
  0x0000024f53457528: 4424 c000 | 4c8d 0e49 | c1e9 0948 | bf00 001c | 4f4f 0200 | 0041 c604 | 3900 498b 

  0x0000024f53457544: ;   {metadata(method data for {method} {0x0000024f001eac10} 'defineClass' '(ZLjava/lang/Object;)Ljava/lang/Class;' in 'java/lang/invoke/MethodHandles$Lookup$ClassDefiner')}
  0x0000024f53457544: c049 b830 | 87bc 684f | 0200 0041 | ff80 d801 | 0000 e912 | 0000 0048 | 899c 24a0 

  0x0000024f53457560: ;   {oop(nullptr)}
  0x0000024f53457560: 0000 0048 | b800 0000 | 0000 0000 | 0048 8b9c | 24a0 0000 | 0048 8bbc | 24a8 0000 | 0048 8b94 
  0x0000024f53457580: 2498 0000 

  0x0000024f53457584: ;   {metadata(method data for {method} {0x0000024f001eac10} 'defineClass' '(ZLjava/lang/Object;)Ljava/lang/Class;' in 'java/lang/invoke/MethodHandles$Lookup$ClassDefiner')}
  0x0000024f53457584: 0049 b830 | 87bc 684f | 0200 0049 | 8380 f001 

  0x0000024f53457594: ;   {metadata(method data for {method} {0x0000024f00473ea0} 'getJavaLangAccess' '()Ljdk/internal/access/JavaLangAccess;' in 'jdk/internal/access/SharedSecrets')}
  0x0000024f53457594: 0000 0149 | b8a8 0638 | 684f 0200 | 0045 8b88 | cc00 0000 | 4183 c102 | 4589 88cc | 0000 0041 
  0x0000024f534575b4: 81e1 feff | 1f00 4585 | c90f 84fc 

  0x0000024f534575c0: ;   {oop(a 'java/lang/Class'{0x0000000080001c38} = 'jdk/internal/access/SharedSecrets')}
  0x0000024f534575c0: 0400 0049 | b838 1c00 | 8000 0000 | 0045 8b70 | 7c8b 7214 | 8b4a 1844 | 8b4a 0c4d | 85f6 0f84 
  0x0000024f534575e0: 2a00 0000 

  0x0000024f534575e4: ;   {metadata('java/lang/System$2')}
  0x0000024f534575e4: 49bb 6082 | 0100 4f02 | 0000 458b | 6e08 49ba | 0000 0000 | 4f02 0000 | 4d03 ea4d | 3b5d 380f 
  0x0000024f53457604: 85d7 0400 | 00e9 0000 | 0000 4d8b | c649 3b06 

  0x0000024f53457614: ;   {metadata(method data for {method} {0x0000024f001eac10} 'defineClass' '(ZLjava/lang/Object;)Ljava/lang/Class;' in 'java/lang/invoke/MethodHandles$Lookup$ClassDefiner')}
  0x0000024f53457614: 4d8b c648 | ba30 87bc | 684f 0200 

  0x0000024f53457620: ;   {metadata('java/lang/System$2')}
  0x0000024f53457620: 0049 ba60 | 8201 004f | 0200 004c | 8992 1002 | 0000 4883 | 8218 0200 | 0001 4c8b | c349 8bd1 
  0x0000024f53457640: 4c8b cf48 | 8bfe 488b | f148 8bc8 | 8b84 24b0 | 0000 0089 | 0424 8954 | 2408 488b | 9424 b800 
  0x0000024f53457660: 0000 4889 | 5424 1049 | 8bd6 0f1f 

  0x0000024f5345766c: ;   {optimized virtual_call}
  0x0000024f5345766c: 4400 00e8 

  0x0000024f53457670: ; ImmutableOopMap {[152]=Oop [168]=Oop }
                      ;*invokeinterface defineClass {reexecute=0 rethrow=0 return_oop=0}
                      ; - java.lang.invoke.MethodHandles$Lookup$ClassDefiner::defineClass@57
  0x0000024f53457670: 6c0c 0000 

  0x0000024f53457674: ;   {other}
  0x0000024f53457674: 0f1f 8400 | e407 0001 

  0x0000024f5345767c: ;   {metadata(method data for {method} {0x0000024f001eac10} 'defineClass' '(ZLjava/lang/Object;)Ljava/lang/Class;' in 'java/lang/invoke/MethodHandles$Lookup$ClassDefiner')}
  0x0000024f5345767c: 49b8 3087 | bc68 4f02 | 0000 41ff | 8038 0200 | 0048 8b94 | 2498 0000 | 008b 721c 

  0x0000024f53457698: ; implicit exception: dispatches to 0x0000024f53457aea
  0x0000024f53457698: 483b 064c 

  0x0000024f5345769c: ;   {metadata(method data for {method} {0x0000024f001eac10} 'defineClass' '(ZLjava/lang/Object;)Ljava/lang/Class;' in 'java/lang/invoke/MethodHandles$Lookup$ClassDefiner')}
  0x0000024f5345769c: 8bc6 49b9 | 3087 bc68 | 4f02 0000 | 4983 8150 | 0300 0001 | 440f be46 | 0c41 83e0 | 0145 85c0 
  0x0000024f534576bc: ;   {metadata(method data for {method} {0x0000024f001eac10} 'defineClass' '(ZLjava/lang/Object;)Ljava/lang/Class;' in 'java/lang/invoke/MethodHandles$Lookup$ClassDefiner')}
  0x0000024f534576bc: 49b8 3087 | bc68 4f02 | 0000 49c7 | c188 0300 | 0074 0749 | c7c1 9803 | 0000 4b8b | 3c08 488d 
  0x0000024f534576dc: 7f01 4b89 | 3c08 0f84 | c401 0000 

  0x0000024f534576e8: ;   {metadata(method data for {method} {0x0000024f001eac10} 'defineClass' '(ZLjava/lang/Object;)Ljava/lang/Class;' in 'java/lang/invoke/MethodHandles$Lookup$ClassDefiner')}
  0x0000024f534576e8: 4c8b c249 | b930 87bc | 684f 0200 

  0x0000024f534576f4: ;   {metadata('java/lang/invoke/MethodHandles$Lookup$ClassDefiner')}
  0x0000024f534576f4: 0049 bad0 | a91e 004f | 0200 004d | 8991 b803 | 0000 4983 | 81c0 0300 | 0001 8b7a | 1448 85c0 
  0x0000024f53457714: ;   {metadata(method data for {method} {0x0000024f001eac10} 'defineClass' '(ZLjava/lang/Object;)Ljava/lang/Class;' in 'java/lang/invoke/MethodHandles$Lookup$ClassDefiner')}
  0x0000024f53457714: 49b8 3087 | bc68 4f02 | 0000 49c7 | c1e0 0300 | 0074 0749 | c7c1 f003 | 0000 4b8b | 1c08 488d 
  0x0000024f53457734: 5b01 4b89 | 1c08 0f84 | 2b01 0000 | e9bd 0000 | 0048 8b94 | 2498 0000 | 0049 8b87 | 0005 0000 
  0x0000024f53457754: 4d33 d24d | 8997 0005 | 0000 4d33 | d24d 8997 | 0805 0000 | 8b72 1c48 | 3b06 4c8b 

  0x0000024f53457770: ;   {metadata(method data for {method} {0x0000024f001eac10} 'defineClass' '(ZLjava/lang/Object;)Ljava/lang/Class;' in 'java/lang/invoke/MethodHandles$Lookup$ClassDefiner')}
  0x0000024f53457770: c649 b930 | 87bc 684f | 0200 0049 | 8381 8804 | 0000 0144 | 0fbe 460c | 4183 e001 

  0x0000024f5345778c: ;   {metadata(method data for {method} {0x0000024f001eac10} 'defineClass' '(ZLjava/lang/Object;)Ljava/lang/Class;' in 'java/lang/invoke/MethodHandles$Lookup$ClassDefiner')}
  0x0000024f5345778c: 4585 c049 | b830 87bc | 684f 0200 | 0049 c7c1 | c004 0000 | 7407 49c7 | c1d0 0400 | 004b 8b3c 
  0x0000024f534577ac: 0848 8d7f | 014b 893c | 080f 8441 | 0100 004c 

  0x0000024f534577bc: ;   {metadata(method data for {method} {0x0000024f001eac10} 'defineClass' '(ZLjava/lang/Object;)Ljava/lang/Class;' in 'java/lang/invoke/MethodHandles$Lookup$ClassDefiner')}
  0x0000024f534577bc: 8bc2 49b9 | 3087 bc68 | 4f02 0000 

  0x0000024f534577c8: ;   {metadata('java/lang/invoke/MethodHandles$Lookup$ClassDefiner')}
  0x0000024f534577c8: 49ba d0a9 | 1e00 4f02 | 0000 4d89 | 91f0 0400 | 0049 8381 | f804 0000 | 018b 7a14 

  0x0000024f534577e4: ;   {metadata(method data for {method} {0x0000024f001eac10} 'defineClass' '(ZLjava/lang/Object;)Ljava/lang/Class;' in 'java/lang/invoke/MethodHandles$Lookup$ClassDefiner')}
  0x0000024f534577e4: 49b8 3087 | bc68 4f02 | 0000 41ff | 8018 0500 | 0048 8984 | 24c8 0000 | 00e9 c000 | 0000 8b52 
  0x0000024f53457804: 184c 8bc6 

  0x0000024f53457808: ;   {metadata(method data for {method} {0x0000024f001eac10} 'defineClass' '(ZLjava/lang/Object;)Ljava/lang/Class;' in 'java/lang/invoke/MethodHandles$Lookup$ClassDefiner')}
  0x0000024f53457808: 49b9 3087 | bc68 4f02 | 0000 4983 | 8100 0400 | 0001 4c8b | c74c 8bc8 | 488b fa48 | 8bd6 4889 
  0x0000024f53457828: 8424 c000 

  0x0000024f5345782c: ;   {optimized virtual_call}
  0x0000024f5345782c: 0000 90e8 

  0x0000024f53457830: ; ImmutableOopMap {[192]=Oop }
                      ;*invokevirtual dumpClass {reexecute=0 rethrow=0 return_oop=0}
                      ; - java.lang.invoke.MethodHandles$Lookup$ClassDefiner::defineClass@134
  0x0000024f53457830: 4c73 f406 

  0x0000024f53457834: ;   {other}
  0x0000024f53457834: 0f1f 8400 | a409 0002 

  0x0000024f5345783c: ;   {metadata(method data for {method} {0x0000024f001eac10} 'defineClass' '(ZLjava/lang/Object;)Ljava/lang/Class;' in 'java/lang/invoke/MethodHandles$Lookup$ClassDefiner')}
  0x0000024f5345783c: 49b8 3087 | bc68 4f02 | 0000 41ff | 8038 0400 | 0048 8b84 | 24c0 0000 | 0048 81c4 | e000 0000 
  0x0000024f5345785c: ;   {poll_return}
  0x0000024f5345785c: 5d49 3ba7 | 5004 0000 | 0f87 8a02 | 0000 c348 | 8984 24c0 | 0000 0044 | 8b4a 184c 

  0x0000024f53457878: ;   {metadata(method data for {method} {0x0000024f001eac10} 'defineClass' '(ZLjava/lang/Object;)Ljava/lang/Class;' in 'java/lang/invoke/MethodHandles$Lookup$ClassDefiner')}
  0x0000024f53457878: 8bc6 48ba | 3087 bc68 | 4f02 0000 | 4883 8250 | 0400 0001 | 4c8b c748 | 8bd6 0f1f 

  0x0000024f53457894: ;   {optimized virtual_call}
  0x0000024f53457894: 4400 00e8 

  0x0000024f53457898: ; ImmutableOopMap {[192]=Oop }
                      ;*invokevirtual dumpFailedClass {reexecute=0 rethrow=0 return_oop=0}
                      ; - java.lang.invoke.MethodHandles$Lookup$ClassDefiner::defineClass@150
  0x0000024f53457898: e472 f406 

  0x0000024f5345789c: ;   {other}
  0x0000024f5345789c: 0f1f 8400 | 0c0a 0003 | 488b 8424 | c000 0000 | 4881 c4e0 | 0000 005d 

  0x0000024f534578b4: ;   {poll_return}
  0x0000024f534578b4: 493b a750 | 0400 000f | 8749 0200 | 00c3 448b | 4a18 4c8b 

  0x0000024f534578c8: ;   {metadata(method data for {method} {0x0000024f001eac10} 'defineClass' '(ZLjava/lang/Object;)Ljava/lang/Class;' in 'java/lang/invoke/MethodHandles$Lookup$ClassDefiner')}
  0x0000024f534578c8: c648 ba30 | 87bc 684f | 0200 0048 | 8382 8805 | 0000 014c | 8bc7 488b | d666 0f1f 

  0x0000024f534578e4: ;   {optimized virtual_call}
  0x0000024f534578e4: 4400 00e8 

  0x0000024f534578e8: ; ImmutableOopMap {[200]=Oop }
                      ;*invokevirtual dumpFailedClass {reexecute=0 rethrow=0 return_oop=0}
                      ; - java.lang.invoke.MethodHandles$Lookup$ClassDefiner::defineClass@207
  0x0000024f534578e8: 9472 f406 

  0x0000024f534578ec: ;   {other}
  0x0000024f534578ec: 0f1f 8400 | 5c0a 0004 | 488b 8424 | c800 0000 | e93c 0200 

  0x0000024f53457900: ;   {metadata({method} {0x0000024f001eac10} 'defineClass' '(ZLjava/lang/Object;)Ljava/lang/Class;' in 'java/lang/invoke/MethodHandles$Lookup$ClassDefiner')}
  0x0000024f53457900: 0049 ba08 | ac1e 004f | 0200 004c | 8954 2408 | 48c7 0424 | ffff ffff 

  0x0000024f53457918: ;   {runtime_call counter_overflow Runtime1 stub}
  0x0000024f53457918: e863 d3ff 

  0x0000024f5345791c: ; ImmutableOopMap {rdx=Oop r9=Oop [152]=Oop [184]=Oop }
                      ;*synchronization entry
                      ; - java.lang.invoke.MethodHandles$Lookup$ClassDefiner::defineClass@-1
  0x0000024f5345791c: 06e9 7cf8 

  0x0000024f53457920: ;   {runtime_call throw_null_pointer_exception Runtime1 stub}
  0x0000024f53457920: ffff e8f9 

  0x0000024f53457924: ; ImmutableOopMap {rdx=Oop r9=Oop rsi=Oop [144]=Oop [152]=Oop [184]=Oop }
                      ;*invokevirtual lookupClass {reexecute=0 rethrow=0 return_oop=0}
                      ; - java.lang.invoke.MethodHandles$Lookup$ClassDefiner::defineClass@4
                      ;   {runtime_call throw_null_pointer_exception Runtime1 stub}
  0x0000024f53457924: 70ff 06e8 

  0x0000024f53457928: ; ImmutableOopMap {rdx=Oop r9=Oop rsi=Oop rdi=Oop [144]=Oop [152]=Oop [168]=Oop [184]=Oop }
                      ;*invokevirtual getClassLoader {reexecute=0 rethrow=0 return_oop=0}
                      ; - java.lang.invoke.MethodHandles$Lookup$ClassDefiner::defineClass@9
  0x0000024f53457928: f470 ff06 

  0x0000024f5345792c: ;   {metadata({method} {0x0000024f00469178} 'getClassLoader' '()Ljava/lang/ClassLoader;' in 'java/lang/Class')}
  0x0000024f5345792c: 49ba 7091 | 4600 4f02 | 0000 4c89 | 5424 0848 | c704 24ff 

  0x0000024f53457940: ;   {runtime_call counter_overflow Runtime1 stub}
  0x0000024f53457940: ffff ffe8 

  0x0000024f53457944: ; ImmutableOopMap {rdx=Oop r9=Oop rsi=Oop rdi=Oop [144]=Oop [152]=Oop [168]=Oop [184]=Oop }
                      ;*synchronization entry
                      ; - java.lang.Class::getClassLoader@-1
                      ; - java.lang.invoke.MethodHandles$Lookup$ClassDefiner::defineClass@9
  0x0000024f53457944: 38d3 ff06 | e9bd f8ff 

  0x0000024f5345794c: ;   {metadata({method} {0x0000024f0001b1d0} 'getSecurityManager' '()Ljava/lang/SecurityManager;' in 'java/lang/System')}
  0x0000024f5345794c: ff49 bac8 | b101 004f | 0200 004c | 8954 2408 | 48c7 0424 | ffff ffff 

  0x0000024f53457964: ;   {runtime_call counter_overflow Runtime1 stub}
  0x0000024f53457964: e817 d3ff 

  0x0000024f53457968: ; ImmutableOopMap {rdx=Oop r9=Oop rsi=Oop rdi=Oop rbx=Oop [144]=Oop [152]=Oop [168]=Oop [184]=Oop }
                      ;*synchronization entry
                      ; - java.lang.System::getSecurityManager@-1
                      ; - java.lang.Class::getClassLoader@11
                      ; - java.lang.invoke.MethodHandles$Lookup$ClassDefiner::defineClass@9
  0x0000024f53457968: 06e9 16f9 

  0x0000024f5345796c: ;   {metadata({method} {0x0000024f0001b2e8} 'allowSecurityManager' '()Z' in 'java/lang/System')}
  0x0000024f5345796c: ffff 49ba | e0b2 0100 | 4f02 0000 | 4c89 5424 | 0848 c704 | 24ff ffff 

  0x0000024f53457984: ;   {runtime_call counter_overflow Runtime1 stub}
  0x0000024f53457984: ffe8 f6d2 

  0x0000024f53457988: ; ImmutableOopMap {rdx=Oop r9=Oop rsi=Oop rdi=Oop rbx=Oop [144]=Oop [152]=Oop [168]=Oop [184]=Oop }
                      ;*synchronization entry
                      ; - java.lang.System::allowSecurityManager@-1
                      ; - java.lang.System::getSecurityManager@0
                      ; - java.lang.Class::getClassLoader@11
                      ; - java.lang.invoke.MethodHandles$Lookup$ClassDefiner::defineClass@9
  0x0000024f53457988: ff06 e92e 

  0x0000024f5345798c: ;   {metadata({method} {0x0000024f003e0898} 'lookupClassProtectionDomain' '()Ljava/security/ProtectionDomain;' in 'java/lang/invoke/MethodHandles$Lookup')}
  0x0000024f5345798c: f9ff ff49 | ba90 083e | 004f 0200 | 004c 8954 | 2408 48c7 | 0424 ffff 

  0x0000024f534579a4: ;   {runtime_call counter_overflow Runtime1 stub}
  0x0000024f534579a4: ffff e8d5 

  0x0000024f534579a8: ; ImmutableOopMap {rdx=Oop r9=Oop rsi=Oop rdi=Oop rbx=Oop [144]=Oop [152]=Oop [168]=Oop [184]=Oop }
                      ;*synchronization entry
                      ; - java.lang.invoke.MethodHandles$Lookup::lookupClassProtectionDomain@-1
                      ; - java.lang.invoke.MethodHandles$Lookup$ClassDefiner::defineClass@23
  0x0000024f534579a8: d2ff 06e9 | a8f9 ffff 

  0x0000024f534579b0: ;   {metadata({method} {0x0000024f00473ea0} 'getJavaLangAccess' '()Ljdk/internal/access/JavaLangAccess;' in 'jdk/internal/access/SharedSecrets')}
  0x0000024f534579b0: 49ba 983e | 4700 4f02 | 0000 4c89 | 5424 0848 | c704 24ff 

  0x0000024f534579c4: ;   {runtime_call counter_overflow Runtime1 stub}
  0x0000024f534579c4: ffff ffe8 

  0x0000024f534579c8: ; ImmutableOopMap {rsi=Oop [144]=Oop [152]=Oop [160]=Oop [168]=Oop [184]=Oop }
                      ;*synchronization entry
                      ; - jdk.internal.access.SharedSecrets::getJavaLangAccess@-1
                      ; - java.lang.invoke.MethodHandles$Lookup::lookupClassProtectionDomain@10
                      ; - java.lang.invoke.MethodHandles$Lookup$ClassDefiner::defineClass@23
  0x0000024f534579c8: b4d2 ff06 | e9fa f9ff 

  0x0000024f534579d0: ;   {runtime_call throw_incompatible_class_change_error Runtime1 stub}
  0x0000024f534579d0: ffe8 4a9f 

  0x0000024f534579d4: ; ImmutableOopMap {rax=Oop rcx=Oop [144]=Oop [152]=Oop [160]=Oop [168]=Oop [184]=Oop }
                      ;*invokeinterface protectionDomain {reexecute=0 rethrow=0 return_oop=0}
                      ; - java.lang.invoke.MethodHandles$Lookup::lookupClassProtectionDomain@17
                      ; - java.lang.invoke.MethodHandles$Lookup$ClassDefiner::defineClass@23
                      ;   {runtime_call throw_null_pointer_exception Runtime1 stub}
  0x0000024f534579d4: ff06 e845 

  0x0000024f534579d8: ; ImmutableOopMap {rax=Oop rcx=Oop [144]=Oop [152]=Oop [160]=Oop [168]=Oop [184]=Oop }
                      ;*invokeinterface protectionDomain {reexecute=0 rethrow=0 return_oop=0}
                      ; - java.lang.invoke.MethodHandles$Lookup::lookupClassProtectionDomain@17
                      ; - java.lang.invoke.MethodHandles$Lookup$ClassDefiner::defineClass@23
                      ;   {metadata({method} {0x0000024f000192c8} 'protectionDomain' '(Ljava/lang/Class;)Ljava/security/ProtectionDomain;' in 'java/lang/System$2')}
  0x0000024f534579d8: 70ff 0649 | bac0 9201 | 004f 0200 | 004c 8954 | 2408 48c7 | 0424 ffff 

  0x0000024f534579f0: ;   {runtime_call counter_overflow Runtime1 stub}
  0x0000024f534579f0: ffff e889 

  0x0000024f534579f4: ; ImmutableOopMap {rcx=Oop [144]=Oop [152]=Oop [160]=Oop [168]=Oop [184]=Oop }
                      ;*synchronization entry
                      ; - java.lang.System$2::protectionDomain@-1
                      ; - java.lang.invoke.MethodHandles$Lookup::lookupClassProtectionDomain@17
                      ; - java.lang.invoke.MethodHandles$Lookup$ClassDefiner::defineClass@23
  0x0000024f534579f4: d2ff 06e9 | 61fa ffff 

  0x0000024f534579fc: ;   {runtime_call throw_null_pointer_exception Runtime1 stub}
  0x0000024f534579fc: e81f 70ff 

  0x0000024f53457a00: ; ImmutableOopMap {rcx=Oop [144]=Oop [152]=Oop [160]=Oop [168]=Oop [184]=Oop }
                      ;*invokevirtual protectionDomain {reexecute=0 rethrow=0 return_oop=0}
                      ; - java.lang.System$2::protectionDomain@1
                      ; - java.lang.invoke.MethodHandles$Lookup::lookupClassProtectionDomain@17
                      ; - java.lang.invoke.MethodHandles$Lookup$ClassDefiner::defineClass@23
                      ;   {metadata({method} {0x0000024f00467ed0} 'protectionDomain' '()Ljava/security/ProtectionDomain;' in 'java/lang/Class')}
  0x0000024f53457a00: 0649 bac8 | 7e46 004f | 0200 004c | 8954 2408 | 48c7 0424 | ffff ffff 

  0x0000024f53457a18: ;   {runtime_call counter_overflow Runtime1 stub}
  0x0000024f53457a18: e863 d2ff 

  0x0000024f53457a1c: ; ImmutableOopMap {rcx=Oop [144]=Oop [152]=Oop [160]=Oop [168]=Oop [184]=Oop }
                      ;*synchronization entry
                      ; - java.lang.Class::protectionDomain@-1
                      ; - java.lang.System$2::protectionDomain@1
                      ; - java.lang.invoke.MethodHandles$Lookup::lookupClassProtectionDomain@17
                      ; - java.lang.invoke.MethodHandles$Lookup$ClassDefiner::defineClass@23
  0x0000024f53457a1c: 06e9 79fa 

  0x0000024f53457a20: ;   {oop(nullptr)}
  0x0000024f53457a20: ffff 49b8 | 0000 0000 | 0000 0000 | 5053 498b | 5810 5756 | 5251 4150 | 4151 4152 | 4153 4883 
  0x0000024f53457a40: ec20 40f6 | c40f 0f84 | 1900 0000 | 4883 ec08 

  0x0000024f53457a50: ;   {runtime_call}
  0x0000024f53457a50: 48b8 a0a0 | f43e ff7f | 0000 ffd0 | 4883 c408 | e90c 0000 

  0x0000024f53457a64: ;   {runtime_call}
  0x0000024f53457a64: 0048 b8a0 | a0f4 3eff | 7f00 00ff | d048 83c4 | 2041 5b41 | 5a41 5941 | 5859 5a5e | 5f48 3b83 
  0x0000024f53457a84: 3801 0000 | 5b58 0f85 | 0a00 0000 | e96d faff | ffb8 0078 

  0x0000024f53457a98: ;   {runtime_call load_mirror_patching Runtime1 stub}
  0x0000024f53457a98: 6e0a e8e1 

  0x0000024f53457a9c: ; ImmutableOopMap {[144]=Oop [152]=Oop [160]=Oop [168]=Oop [184]=Oop }
                      ;*getstatic allPermDomain {reexecute=1 rethrow=0 return_oop=0}
                      ; - (reexecute) java.lang.Class::protectionDomain@9
                      ; - java.lang.System$2::protectionDomain@1
                      ; - java.lang.invoke.MethodHandles$Lookup::lookupClassProtectionDomain@17
                      ; - java.lang.invoke.MethodHandles$Lookup$ClassDefiner::defineClass@23
  0x0000024f53457a9c: c1ff 06e9 | 54fa ffff 

  0x0000024f53457aa4: ;   {runtime_call throw_null_pointer_exception Runtime1 stub}
  0x0000024f53457aa4: e877 6fff 

  0x0000024f53457aa8: ; ImmutableOopMap {r8=Oop [144]=Oop [152]=Oop [160]=Oop [168]=Oop [184]=Oop }
                      ;*getstatic allPermDomain {reexecute=1 rethrow=0 return_oop=0}
                      ; - (reexecute) java.lang.Class::protectionDomain@9
                      ; - java.lang.System$2::protectionDomain@1
                      ; - java.lang.invoke.MethodHandles$Lookup::lookupClassProtectionDomain@17
                      ; - java.lang.invoke.MethodHandles$Lookup$ClassDefiner::defineClass@23
  0x0000024f53457aa8: 0645 8b80 | 0000 0000 | b800 0c05 

  0x0000024f53457ab4: ;   {runtime_call access_field_patching Runtime1 stub}
  0x0000024f53457ab4: 07e8 c6b4 

  0x0000024f53457ab8: ; ImmutableOopMap {r8=Oop [144]=Oop [152]=Oop [160]=Oop [168]=Oop [184]=Oop }
                      ;*getstatic allPermDomain {reexecute=1 rethrow=0 return_oop=0}
                      ; - (reexecute) java.lang.Class::protectionDomain@9
                      ; - java.lang.System$2::protectionDomain@1
                      ; - java.lang.invoke.MethodHandles$Lookup::lookupClassProtectionDomain@17
                      ; - java.lang.invoke.MethodHandles$Lookup$ClassDefiner::defineClass@23
  0x0000024f53457ab8: ff06 e949 

  0x0000024f53457abc: ;   {metadata({method} {0x0000024f00473ea0} 'getJavaLangAccess' '()Ljdk/internal/access/JavaLangAccess;' in 'jdk/internal/access/SharedSecrets')}
  0x0000024f53457abc: faff ff49 | ba98 3e47 | 004f 0200 | 004c 8954 | 2408 48c7 | 0424 ffff 

  0x0000024f53457ad4: ;   {runtime_call counter_overflow Runtime1 stub}
  0x0000024f53457ad4: ffff e8a5 

  0x0000024f53457ad8: ; ImmutableOopMap {rax=Oop rdi=Oop rbx=Oop rdx=Oop [152]=Oop [168]=Oop [184]=Oop }
                      ;*synchronization entry
                      ; - jdk.internal.access.SharedSecrets::getJavaLangAccess@-1
                      ; - java.lang.invoke.MethodHandles$Lookup$ClassDefiner::defineClass@35
  0x0000024f53457ad8: d1ff 06e9 | e3fa ffff 

  0x0000024f53457ae0: ;   {runtime_call throw_incompatible_class_change_error Runtime1 stub}
  0x0000024f53457ae0: e83b 9eff 

  0x0000024f53457ae4: ; ImmutableOopMap {rax=Oop rdi=Oop rbx=Oop r14=Oop rsi=Oop rcx=Oop [152]=Oop [168]=Oop [184]=Oop }
                      ;*invokeinterface defineClass {reexecute=0 rethrow=0 return_oop=0}
                      ; - java.lang.invoke.MethodHandles$Lookup$ClassDefiner::defineClass@57
                      ;   {runtime_call throw_null_pointer_exception Runtime1 stub}
  0x0000024f53457ae4: 06e8 366f 

  0x0000024f53457ae8: ; ImmutableOopMap {rax=Oop rdi=Oop rbx=Oop r14=Oop rsi=Oop rcx=Oop [152]=Oop [168]=Oop [184]=Oop }
                      ;*invokeinterface defineClass {reexecute=0 rethrow=0 return_oop=0}
                      ; - java.lang.invoke.MethodHandles$Lookup$ClassDefiner::defineClass@57
                      ;   {runtime_call throw_null_pointer_exception Runtime1 stub}
  0x0000024f53457ae8: ff06 e831 

  0x0000024f53457aec: ; ImmutableOopMap {rax=Oop rdx=Oop rsi=Oop [152]=Oop }
                      ;*invokevirtual isEnabled {reexecute=0 rethrow=0 return_oop=0}
                      ; - java.lang.invoke.MethodHandles$Lookup$ClassDefiner::defineClass@105
                      ;   {runtime_call throw_null_pointer_exception Runtime1 stub}
  0x0000024f53457aec: 6fff 06e8 

  0x0000024f53457af0: ; ImmutableOopMap {rdx=Oop rax=Oop rsi=Oop [152]=Oop }
                      ;*invokevirtual isEnabled {reexecute=0 rethrow=0 return_oop=0}
                      ; - java.lang.invoke.MethodHandles$Lookup$ClassDefiner::defineClass@162
  0x0000024f53457af0: 2c6f ff06 

  0x0000024f53457af4: ;   {internal_word}
  0x0000024f53457af4: 49ba 5d78 | 4553 4f02 | 0000 4d89 | 9768 0400 

  0x0000024f53457b04: ;   {runtime_call SafepointBlob}
  0x0000024f53457b04: 00e9 76e0 

  0x0000024f53457b08: ;   {internal_word}
  0x0000024f53457b08: f406 49ba | b478 4553 | 4f02 0000 | 4d89 9768 

  0x0000024f53457b18: ;   {runtime_call SafepointBlob}
  0x0000024f53457b18: 0400 00e9 | 60e0 f406 | 498b 8700 | 0500 0049 | c787 0005 | 0000 0000 | 0000 49c7 | 8708 0500 
  0x0000024f53457b38: 0000 0000 | 0048 81c4 | e000 0000 

  0x0000024f53457b44: ;   {runtime_call unwind_exception Runtime1 stub}
  0x0000024f53457b44: 5de9 b68e | f606 f4f4 | f4f4 f4f4 
[Stub Code]
  0x0000024f53457b50: ;   {no_reloc}
  0x0000024f53457b50: 0f1f 4400 

  0x0000024f53457b54: ;   {static_stub}
  0x0000024f53457b54: 0048 bb00 | 0000 0000 

  0x0000024f53457b5c: ;   {runtime_call nmethod}
  0x0000024f53457b5c: 0000 00e9 | fbff ffff 

  0x0000024f53457b64: ;   {static_stub}
  0x0000024f53457b64: 48bb 607e | 4600 4f02 

  0x0000024f53457b6c: ;   {runtime_call I2C/C2I adapters}
  0x0000024f53457b6c: 0000 e970 

  0x0000024f53457b70: ;   {static_stub}
  0x0000024f53457b70: 60f4 0648 | bb00 0000 | 0000 0000 

  0x0000024f53457b7c: ;   {runtime_call nmethod}
  0x0000024f53457b7c: 00e9 fbff 

  0x0000024f53457b80: ;   {static_stub}
  0x0000024f53457b80: ffff 48bb | 0000 0000 | 0000 0000 

  0x0000024f53457b8c: ;   {runtime_call nmethod}
  0x0000024f53457b8c: e9fb ffff 

  0x0000024f53457b90: ;   {runtime_call handle_exception_from_callee Runtime1 stub}
  0x0000024f53457b90: ffe8 6a94 

  0x0000024f53457b94: ;   {external_word}
  0x0000024f53457b94: ff06 48b9 | 4053 943f | ff7f 0000 | 4883 e4f0 

  0x0000024f53457ba4: ;   {runtime_call}
  0x0000024f53457ba4: 48b8 b0c3 | 563f ff7f | 0000 ffd0 

  0x0000024f53457bb0: ;   {section_word}
  0x0000024f53457bb0: f449 bab1 | 7b45 534f | 0200 0041 

  0x0000024f53457bbc: ;   {runtime_call DeoptimizationBlob}
  0x0000024f53457bbc: 52e9 5ef4 | f406 f4f4 | f4f4 f4f4 
[/MachCode]


---------------  P R O C E S S  ---------------

Threads class SMR info:
_java_thread_list=0x0000024f6ce1c5f0, length=21, elements={
0x0000024f4fc1a8c0, 0x0000024f4fb8c250, 0x0000024f4fb8f6e0, 0x0000024f4fb92240,
0x0000024f4fb94db0, 0x0000024f4fb95810, 0x0000024f4fb98280, 0x0000024f4fb9b0d0,
0x0000024f6c008120, 0x0000024f6c16d380, 0x0000024f6c32f480, 0x0000024f6c87bcb0,
0x0000024f6c1ad730, 0x0000024f6c368ac0, 0x0000024f6c366310, 0x0000024f6c5eef10,
0x0000024f6d31d430, 0x0000024f6d37d990, 0x0000024f6cadfe80, 0x0000024f6cadf7f0,
0x0000024f6cae0510
}

Java Threads: ( => current thread )
  0x0000024f4fc1a8c0 JavaThread "main"                              [_thread_blocked, id=13200, stack(0x0000007e8d200000,0x0000007e8d300000) (1024K)]
  0x0000024f4fb8c250 JavaThread "Reference Handler"          daemon [_thread_blocked, id=10744, stack(0x0000007e8d600000,0x0000007e8d700000) (1024K)]
  0x0000024f4fb8f6e0 JavaThread "Finalizer"                  daemon [_thread_blocked, id=19052, stack(0x0000007e8d700000,0x0000007e8d800000) (1024K)]
  0x0000024f4fb92240 JavaThread "Signal Dispatcher"          daemon [_thread_blocked, id=12984, stack(0x0000007e8d800000,0x0000007e8d900000) (1024K)]
  0x0000024f4fb94db0 JavaThread "Attach Listener"            daemon [_thread_blocked, id=16060, stack(0x0000007e8d900000,0x0000007e8da00000) (1024K)]
  0x0000024f4fb95810 JavaThread "Service Thread"             daemon [_thread_blocked, id=11924, stack(0x0000007e8da00000,0x0000007e8db00000) (1024K)]
  0x0000024f4fb98280 JavaThread "Monitor Deflation Thread"   daemon [_thread_blocked, id=11072, stack(0x0000007e8db00000,0x0000007e8dc00000) (1024K)]
  0x0000024f4fb9b0d0 JavaThread "C2 CompilerThread0"         daemon [_thread_blocked, id=11896, stack(0x0000007e8dc00000,0x0000007e8dd00000) (1024K)]
  0x0000024f6c008120 JavaThread "C1 CompilerThread0"         daemon [_thread_blocked, id=2240, stack(0x0000007e8dd00000,0x0000007e8de00000) (1024K)]
  0x0000024f6c16d380 JavaThread "Common-Cleaner"             daemon [_thread_blocked, id=13220, stack(0x0000007e8de00000,0x0000007e8df00000) (1024K)]
  0x0000024f6c32f480 JavaThread "Notification Thread"        daemon [_thread_blocked, id=344, stack(0x0000007e8df00000,0x0000007e8e000000) (1024K)]
  0x0000024f6c87bcb0 JavaThread "Active Thread: Equinox Container: 9c9fb48e-e298-42aa-8dbe-20e1f30bbfe3"        [_thread_blocked, id=17348, stack(0x0000007e8e000000,0x0000007e8e100000) (1024K)]
  0x0000024f6c1ad730 JavaThread "Refresh Thread: Equinox Container: 9c9fb48e-e298-42aa-8dbe-20e1f30bbfe3" daemon [_thread_blocked, id=18964, stack(0x0000007e8e800000,0x0000007e8e900000) (1024K)]
  0x0000024f6c368ac0 JavaThread "Framework Event Dispatcher: Equinox Container: 9c9fb48e-e298-42aa-8dbe-20e1f30bbfe3" daemon [_thread_blocked, id=17644, stack(0x0000007e8e900000,0x0000007e8ea00000) (1024K)]
=>0x0000024f6c366310 JavaThread "Start Level: Equinox Container: 9c9fb48e-e298-42aa-8dbe-20e1f30bbfe3" daemon [_thread_in_vm, id=17380, stack(0x0000007e8ea00000,0x0000007e8eb00000) (1024K)]
  0x0000024f6c5eef10 JavaThread "Bundle File Closer"         daemon [_thread_blocked, id=14468, stack(0x0000007e8ec00000,0x0000007e8ed00000) (1024K)]
  0x0000024f6d31d430 JavaThread "SCR Component Actor"        daemon [_thread_blocked, id=17464, stack(0x0000007e8eb00000,0x0000007e8ec00000) (1024K)]
  0x0000024f6d37d990 JavaThread "Worker-JM"                         [_thread_blocked, id=17552, stack(0x0000007e8ed00000,0x0000007e8ee00000) (1024K)]
  0x0000024f6cadfe80 JavaThread "JNA Cleaner"                daemon [_thread_blocked, id=14312, stack(0x0000007e8ee00000,0x0000007e8ef00000) (1024K)]
  0x0000024f6cadf7f0 JavaThread "Worker-0: Checking project encoding"        [_thread_blocked, id=17936, stack(0x0000007e8ef00000,0x0000007e8f000000) (1024K)]
  0x0000024f6cae0510 JavaThread "Worker-1"                          [_thread_blocked, id=15468, stack(0x0000007e8f000000,0x0000007e8f100000) (1024K)]
Total: 21

Other Threads:
  0x0000024f4fb71d20 VMThread "VM Thread"                           [id=16804, stack(0x0000007e8d500000,0x0000007e8d600000) (1024K)]
  0x0000024f4fc84570 WatcherThread "VM Periodic Task Thread"        [id=16020, stack(0x0000007e8d400000,0x0000007e8d500000) (1024K)]
  0x0000024f4fc38a50 WorkerThread "GC Thread#0"                     [id=7800, stack(0x0000007e8d300000,0x0000007e8d400000) (1024K)]
  0x0000024f6c5bc570 WorkerThread "GC Thread#1"                     [id=1544, stack(0x0000007e8e100000,0x0000007e8e200000) (1024K)]
  0x0000024f6c896f10 WorkerThread "GC Thread#2"                     [id=6380, stack(0x0000007e8e200000,0x0000007e8e300000) (1024K)]
  0x0000024f6c3e2210 WorkerThread "GC Thread#3"                     [id=18412, stack(0x0000007e8e300000,0x0000007e8e400000) (1024K)]
  0x0000024f6c3e25c0 WorkerThread "GC Thread#4"                     [id=7848, stack(0x0000007e8e400000,0x0000007e8e500000) (1024K)]
  0x0000024f6c3e2970 WorkerThread "GC Thread#5"                     [id=15072, stack(0x0000007e8e500000,0x0000007e8e600000) (1024K)]
  0x0000024f6c3e2d20 WorkerThread "GC Thread#6"                     [id=8444, stack(0x0000007e8e600000,0x0000007e8e700000) (1024K)]
  0x0000024f6c2ea450 WorkerThread "GC Thread#7"                     [id=13708, stack(0x0000007e8e700000,0x0000007e8e800000) (1024K)]
Total: 10

Threads with active compile tasks:
Total: 0

VM state: not at safepoint (normal execution)

VM Mutex/Monitor currently owned by a thread:  ([mutex/lock_event])
[0x00007fff3fbfc4e0] Metaspace_lock - owner thread: 0x0000024f6c366310

Heap address: 0x0000000080000000, size: 2048 MB, Compressed Oops mode: 32-bit

CDS archive(s) mapped at: [0x0000024f00000000-0x0000024f00ba0000-0x0000024f00ba0000), size 12189696, SharedBaseAddress: 0x0000024f00000000, ArchiveRelocationMode: 1.
Compressed class space mapped at: 0x0000024f01000000-0x0000024f41000000, reserved size: 1073741824
Narrow klass base: 0x0000024f00000000, Narrow klass shift: 0, Narrow klass range: 0x100000000

GC Precious Log:
 CardTable entry size: 512
 CPUs: 8 total, 8 available
 Memory: 7914M
 Large Page Support: Disabled
 NUMA Support: Disabled
 Compressed Oops: Enabled (32-bit)
 Alignments: Space 512K, Generation 512K, Heap 2M
 Heap Min Capacity: 100M
 Heap Initial Capacity: 100M
 Heap Max Capacity: 2G
 Pre-touch: Disabled
 Parallel Workers: 8

Heap:
 PSYoungGen      total 29184K, used 497K [0x00000000d5580000, 0x00000000d7680000, 0x0000000100000000)
  eden space 24576K, 2% used [0x00000000d5580000,0x00000000d55fc678,0x00000000d6d80000)
  from space 4608K, 0% used [0x00000000d6e80000,0x00000000d6e80000,0x00000000d7300000)
  to   space 3584K, 0% used [0x00000000d7300000,0x00000000d7300000,0x00000000d7680000)
 ParOldGen       total 68608K, used 13195K [0x0000000080000000, 0x0000000084300000, 0x00000000d5580000)
  object space 68608K, 19% used [0x0000000080000000,0x0000000080ce2c18,0x0000000084300000)
 Metaspace       used 20566K, committed 21504K, reserved 1114112K
  class space    used 2201K, committed 2624K, reserved 1048576K

Card table byte_map: [0x0000024f4f5c0000,0x0000024f4f9d0000] _byte_map_base: 0x0000024f4f1c0000

Marking Bits: (ParMarkBitMap*) 0x00007fff3fc03450
 Begin Bits: [0x0000024f620d0000, 0x0000024f640d0000)
 End Bits:   [0x0000024f640d0000, 0x0000024f660d0000)

Polling page: 0x0000024f4da10000

Metaspace:

Usage:
  Non-class:     17.93 MB used.
      Class:      2.15 MB used.
       Both:     20.08 MB used.

Virtual space:
  Non-class space:       64.00 MB reserved,      18.44 MB ( 29%) committed,  1 nodes.
      Class space:        1.00 GB reserved,       2.56 MB ( <1%) committed,  1 nodes.
             Both:        1.06 GB reserved,      21.00 MB (  2%) committed. 

Chunk freelists:
   Non-Class:  13.06 MB
       Class:  13.50 MB
        Both:  26.56 MB

MaxMetaspaceSize: unlimited
CompressedClassSpaceSize: 1.00 GB
Initial GC threshold: 21.00 MB
Current GC threshold: 35.00 MB
CDS: on
 - commit_granule_bytes: 65536.
 - commit_granule_words: 8192.
 - virtual_space_node_default_size: 8388608.
 - enlarge_chunks_in_place: 1.
 - use_allocation_guard: 0.


Internal statistics:

num_allocs_failed_limit: 3.
num_arena_births: 732.
num_arena_deaths: 14.
num_vsnodes_births: 2.
num_vsnodes_deaths: 0.
num_space_committed: 336.
num_space_uncommitted: 0.
num_chunks_returned_to_freelist: 17.
num_chunks_taken_from_freelist: 1564.
num_chunk_merges: 8.
num_chunk_splits: 985.
num_chunks_enlarged: 581.
num_inconsistent_stats: 0.

CodeHeap 'non-profiled nmethods': size=120000Kb used=1766Kb max_used=1766Kb free=118233Kb
 bounds [0x0000024f5a8f0000, 0x0000024f5ab60000, 0x0000024f61e20000]
CodeHeap 'profiled nmethods': size=120000Kb used=7815Kb max_used=7815Kb free=112184Kb
 bounds [0x0000024f52e20000, 0x0000024f535d0000, 0x0000024f5a350000]
CodeHeap 'non-nmethods': size=5760Kb used=1299Kb max_used=1346Kb free=4460Kb
 bounds [0x0000024f5a350000, 0x0000024f5a5c0000, 0x0000024f5a8f0000]
CodeCache: size=245760Kb, used=10880Kb, max_used=10927Kb, free=234877Kb
 total_blobs=4357, nmethods=3787, adapters=476, full_count=0
Compilation: enabled, stopped_count=0, restarted_count=0

Compilation events (20 events):
Event: 13.029 Thread 0x0000024f6c008120 3778       3       java.lang.AbstractStringBuilder::append (37 bytes)
Event: 13.029 Thread 0x0000024f6c008120 nmethod 3778 0x0000024f5aaa5190 code [0x0000024f5aaa5360, 0x0000024f5aaa5660]
Event: 13.032 Thread 0x0000024f6c008120 3779       3       java.io.ObjectStreamField::getTypeCode (9 bytes)
Event: 13.032 Thread 0x0000024f6c008120 nmethod 3779 0x0000024f5aaa5810 code [0x0000024f5aaa5a20, 0x0000024f5aaa5fe8]
Event: 13.032 Thread 0x0000024f6c008120 3782       3       java.lang.invoke.MethodType::makeImpl (109 bytes)
Event: 13.034 Thread 0x0000024f6c008120 nmethod 3782 0x0000024f5aaa6290 code [0x0000024f5aaa65e0, 0x0000024f5aaa79e0]
Event: 13.034 Thread 0x0000024f6c008120 3781       3       jdk.internal.reflect.ClassFileAssembler::emitConstantPoolNameAndType (28 bytes)
Event: 13.035 Thread 0x0000024f6c008120 nmethod 3781 0x0000024f535bfa90 code [0x0000024f535bfce0, 0x0000024f535c03b0]
Event: 13.035 Thread 0x0000024f6c008120 3780       3       java.io.ObjectStreamField::isPrimitive (23 bytes)
Event: 13.035 Thread 0x0000024f6c008120 nmethod 3780 0x0000024f535c0790 code [0x0000024f535c09a0, 0x0000024f535c1060]
Event: 13.091 Thread 0x0000024f4fb9b0d0 nmethod 3774 0x0000024f5aaa8110 code [0x0000024f5aaa8300, 0x0000024f5aaa8b98]
Event: 13.097 Thread 0x0000024f6c008120 3783       1       java.io.ObjectStreamField::isUnshared (5 bytes)
Event: 13.097 Thread 0x0000024f6c008120 nmethod 3783 0x0000024f5aaa9090 code [0x0000024f5aaa9220, 0x0000024f5aaa92f0]
Event: 13.098 Thread 0x0000024f6c008120 3784       1       java.io.ObjectStreamField::setOffset (6 bytes)
Event: 13.098 Thread 0x0000024f6c008120 nmethod 3784 0x0000024f5aaa9390 code [0x0000024f5aaa9520, 0x0000024f5aaa95e8]
Event: 13.098 Thread 0x0000024f6c008120 3785       3       java.io.ObjectInputStream$BlockDataInputStream::peekByte (20 bytes)
Event: 13.098 Thread 0x0000024f6c008120 nmethod 3785 0x0000024f535c1390 code [0x0000024f535c1560, 0x0000024f535c17b8]
Event: 13.098 Thread 0x0000024f6c008120 3786       3       java.io.ObjectInputStream$BlockDataInputStream::peek (55 bytes)
Event: 13.098 Thread 0x0000024f6c008120 nmethod 3786 0x0000024f535c1890 code [0x0000024f535c1a60, 0x0000024f535c1d28]
Event: 13.105 Thread 0x0000024f4fb9b0d0 3787       4       java.lang.invoke.LambdaForm$Name::useCount (51 bytes)

GC Heap History (16 events):
Event: 2.567 GC heap before
{Heap before GC invocations=1 (full 0):
 PSYoungGen      total 29696K, used 25600K [0x00000000d5580000, 0x00000000d7680000, 0x0000000100000000)
  eden space 25600K, 100% used [0x00000000d5580000,0x00000000d6e80000,0x00000000d6e80000)
  from space 4096K, 0% used [0x00000000d7280000,0x00000000d7280000,0x00000000d7680000)
  to   space 4096K, 0% used [0x00000000d6e80000,0x00000000d6e80000,0x00000000d7280000)
 ParOldGen       total 68608K, used 0K [0x0000000080000000, 0x0000000084300000, 0x00000000d5580000)
  object space 68608K, 0% used [0x0000000080000000,0x0000000080000000,0x0000000084300000)
 Metaspace       used 4352K, committed 4608K, reserved 1114112K
  class space    used 474K, committed 576K, reserved 1048576K
}
Event: 2.603 GC heap after
{Heap after GC invocations=1 (full 0):
 PSYoungGen      total 29696K, used 3303K [0x00000000d5580000, 0x00000000d7680000, 0x0000000100000000)
  eden space 25600K, 0% used [0x00000000d5580000,0x00000000d5580000,0x00000000d6e80000)
  from space 4096K, 80% used [0x00000000d6e80000,0x00000000d71b9e98,0x00000000d7280000)
  to   space 4096K, 0% used [0x00000000d7280000,0x00000000d7280000,0x00000000d7680000)
 ParOldGen       total 68608K, used 0K [0x0000000080000000, 0x0000000084300000, 0x00000000d5580000)
  object space 68608K, 0% used [0x0000000080000000,0x0000000080000000,0x0000000084300000)
 Metaspace       used 4352K, committed 4608K, reserved 1114112K
  class space    used 474K, committed 576K, reserved 1048576K
}
Event: 6.438 GC heap before
{Heap before GC invocations=2 (full 0):
 PSYoungGen      total 29696K, used 28903K [0x00000000d5580000, 0x00000000d7680000, 0x0000000100000000)
  eden space 25600K, 100% used [0x00000000d5580000,0x00000000d6e80000,0x00000000d6e80000)
  from space 4096K, 80% used [0x00000000d6e80000,0x00000000d71b9e98,0x00000000d7280000)
  to   space 4096K, 0% used [0x00000000d7280000,0x00000000d7280000,0x00000000d7680000)
 ParOldGen       total 68608K, used 0K [0x0000000080000000, 0x0000000084300000, 0x00000000d5580000)
  object space 68608K, 0% used [0x0000000080000000,0x0000000080000000,0x0000000084300000)
 Metaspace       used 8017K, committed 8256K, reserved 1114112K
  class space    used 830K, committed 960K, reserved 1048576K
}
Event: 6.449 GC heap after
{Heap after GC invocations=2 (full 0):
 PSYoungGen      total 29696K, used 4080K [0x00000000d5580000, 0x00000000d7680000, 0x0000000100000000)
  eden space 25600K, 0% used [0x00000000d5580000,0x00000000d5580000,0x00000000d6e80000)
  from space 4096K, 99% used [0x00000000d7280000,0x00000000d767c148,0x00000000d7680000)
  to   space 4096K, 0% used [0x00000000d6e80000,0x00000000d6e80000,0x00000000d7280000)
 ParOldGen       total 68608K, used 2055K [0x0000000080000000, 0x0000000084300000, 0x00000000d5580000)
  object space 68608K, 2% used [0x0000000080000000,0x0000000080201fb0,0x0000000084300000)
 Metaspace       used 8017K, committed 8256K, reserved 1114112K
  class space    used 830K, committed 960K, reserved 1048576K
}
Event: 7.405 GC heap before
{Heap before GC invocations=3 (full 0):
 PSYoungGen      total 29696K, used 29680K [0x00000000d5580000, 0x00000000d7680000, 0x0000000100000000)
  eden space 25600K, 100% used [0x00000000d5580000,0x00000000d6e80000,0x00000000d6e80000)
  from space 4096K, 99% used [0x00000000d7280000,0x00000000d767c148,0x00000000d7680000)
  to   space 4096K, 0% used [0x00000000d6e80000,0x00000000d6e80000,0x00000000d7280000)
 ParOldGen       total 68608K, used 2055K [0x0000000080000000, 0x0000000084300000, 0x00000000d5580000)
  object space 68608K, 2% used [0x0000000080000000,0x0000000080201fb0,0x0000000084300000)
 Metaspace       used 9437K, committed 9728K, reserved 1114112K
  class space    used 1004K, committed 1152K, reserved 1048576K
}
Event: 7.413 GC heap after
{Heap after GC invocations=3 (full 0):
 PSYoungGen      total 29696K, used 4090K [0x00000000d5580000, 0x00000000d7680000, 0x0000000100000000)
  eden space 25600K, 0% used [0x00000000d5580000,0x00000000d5580000,0x00000000d6e80000)
  from space 4096K, 99% used [0x00000000d6e80000,0x00000000d727eb80,0x00000000d7280000)
  to   space 4096K, 0% used [0x00000000d7280000,0x00000000d7280000,0x00000000d7680000)
 ParOldGen       total 68608K, used 5392K [0x0000000080000000, 0x0000000084300000, 0x00000000d5580000)
  object space 68608K, 7% used [0x0000000080000000,0x00000000805441f0,0x0000000084300000)
 Metaspace       used 9437K, committed 9728K, reserved 1114112K
  class space    used 1004K, committed 1152K, reserved 1048576K
}
Event: 8.621 GC heap before
{Heap before GC invocations=4 (full 0):
 PSYoungGen      total 29696K, used 29690K [0x00000000d5580000, 0x00000000d7680000, 0x0000000100000000)
  eden space 25600K, 100% used [0x00000000d5580000,0x00000000d6e80000,0x00000000d6e80000)
  from space 4096K, 99% used [0x00000000d6e80000,0x00000000d727eb80,0x00000000d7280000)
  to   space 4096K, 0% used [0x00000000d7280000,0x00000000d7280000,0x00000000d7680000)
 ParOldGen       total 68608K, used 5392K [0x0000000080000000, 0x0000000084300000, 0x00000000d5580000)
  object space 68608K, 7% used [0x0000000080000000,0x00000000805441f0,0x0000000084300000)
 Metaspace       used 11768K, committed 12160K, reserved 1114112K
  class space    used 1248K, committed 1472K, reserved 1048576K
}
Event: 8.633 GC heap after
{Heap after GC invocations=4 (full 0):
 PSYoungGen      total 29696K, used 4073K [0x00000000d5580000, 0x00000000d7680000, 0x0000000100000000)
  eden space 25600K, 0% used [0x00000000d5580000,0x00000000d5580000,0x00000000d6e80000)
  from space 4096K, 99% used [0x00000000d7280000,0x00000000d767a6e0,0x00000000d7680000)
  to   space 4096K, 0% used [0x00000000d6e80000,0x00000000d6e80000,0x00000000d7280000)
 ParOldGen       total 68608K, used 6769K [0x0000000080000000, 0x0000000084300000, 0x00000000d5580000)
  object space 68608K, 9% used [0x0000000080000000,0x000000008069c710,0x0000000084300000)
 Metaspace       used 11768K, committed 12160K, reserved 1114112K
  class space    used 1248K, committed 1472K, reserved 1048576K
}
Event: 10.893 GC heap before
{Heap before GC invocations=5 (full 0):
 PSYoungGen      total 29696K, used 29673K [0x00000000d5580000, 0x00000000d7680000, 0x0000000100000000)
  eden space 25600K, 100% used [0x00000000d5580000,0x00000000d6e80000,0x00000000d6e80000)
  from space 4096K, 99% used [0x00000000d7280000,0x00000000d767a6e0,0x00000000d7680000)
  to   space 4096K, 0% used [0x00000000d6e80000,0x00000000d6e80000,0x00000000d7280000)
 ParOldGen       total 68608K, used 6769K [0x0000000080000000, 0x0000000084300000, 0x00000000d5580000)
  object space 68608K, 9% used [0x0000000080000000,0x000000008069c710,0x0000000084300000)
 Metaspace       used 15771K, committed 16384K, reserved 1114112K
  class space    used 1637K, committed 1920K, reserved 1048576K
}
Event: 10.899 GC heap after
{Heap after GC invocations=5 (full 0):
 PSYoungGen      total 29184K, used 4064K [0x00000000d5580000, 0x00000000d7900000, 0x0000000100000000)
  eden space 25088K, 0% used [0x00000000d5580000,0x00000000d5580000,0x00000000d6e00000)
  from space 4096K, 99% used [0x00000000d6e80000,0x00000000d72780b0,0x00000000d7280000)
  to   space 5632K, 0% used [0x00000000d7380000,0x00000000d7380000,0x00000000d7900000)
 ParOldGen       total 68608K, used 7953K [0x0000000080000000, 0x0000000084300000, 0x00000000d5580000)
  object space 68608K, 11% used [0x0000000080000000,0x00000000807c45e0,0x0000000084300000)
 Metaspace       used 15771K, committed 16384K, reserved 1114112K
  class space    used 1637K, committed 1920K, reserved 1048576K
}
Event: 12.384 GC heap before
{Heap before GC invocations=6 (full 0):
 PSYoungGen      total 29184K, used 29152K [0x00000000d5580000, 0x00000000d7900000, 0x0000000100000000)
  eden space 25088K, 100% used [0x00000000d5580000,0x00000000d6e00000,0x00000000d6e00000)
  from space 4096K, 99% used [0x00000000d6e80000,0x00000000d72780b0,0x00000000d7280000)
  to   space 5632K, 0% used [0x00000000d7380000,0x00000000d7380000,0x00000000d7900000)
 ParOldGen       total 68608K, used 7953K [0x0000000080000000, 0x0000000084300000, 0x00000000d5580000)
  object space 68608K, 11% used [0x0000000080000000,0x00000000807c45e0,0x0000000084300000)
 Metaspace       used 18848K, committed 19648K, reserved 1114112K
  class space    used 1980K, committed 2304K, reserved 1048576K
}
Event: 12.389 GC heap after
{Heap after GC invocations=6 (full 0):
 PSYoungGen      total 29696K, used 4793K [0x00000000d5580000, 0x00000000d7880000, 0x0000000100000000)
  eden space 24576K, 0% used [0x00000000d5580000,0x00000000d5580000,0x00000000d6d80000)
  from space 5120K, 93% used [0x00000000d7380000,0x00000000d782e710,0x00000000d7880000)
  to   space 5120K, 0% used [0x00000000d6e80000,0x00000000d6e80000,0x00000000d7380000)
 ParOldGen       total 68608K, used 7961K [0x0000000080000000, 0x0000000084300000, 0x00000000d5580000)
  object space 68608K, 11% used [0x0000000080000000,0x00000000807c65e0,0x0000000084300000)
 Metaspace       used 18848K, committed 19648K, reserved 1114112K
  class space    used 1980K, committed 2304K, reserved 1048576K
}
Event: 13.036 GC heap before
{Heap before GC invocations=7 (full 0):
 PSYoungGen      total 29696K, used 22575K [0x00000000d5580000, 0x00000000d7880000, 0x0000000100000000)
  eden space 24576K, 72% used [0x00000000d5580000,0x00000000d66dd510,0x00000000d6d80000)
  from space 5120K, 93% used [0x00000000d7380000,0x00000000d782e710,0x00000000d7880000)
  to   space 5120K, 0% used [0x00000000d6e80000,0x00000000d6e80000,0x00000000d7380000)
 ParOldGen       total 68608K, used 7961K [0x0000000080000000, 0x0000000084300000, 0x00000000d5580000)
  object space 68608K, 11% used [0x0000000080000000,0x00000000807c65e0,0x0000000084300000)
 Metaspace       used 20564K, committed 21504K, reserved 1114112K
  class space    used 2202K, committed 2624K, reserved 1048576K
}
Event: 13.045 GC heap after
{Heap after GC invocations=7 (full 0):
 PSYoungGen      total 29184K, used 4344K [0x00000000d5580000, 0x00000000d7680000, 0x0000000100000000)
  eden space 24576K, 0% used [0x00000000d5580000,0x00000000d5580000,0x00000000d6d80000)
  from space 4608K, 94% used [0x00000000d6e80000,0x00000000d72be298,0x00000000d7300000)
  to   space 3584K, 0% used [0x00000000d7300000,0x00000000d7300000,0x00000000d7680000)
 ParOldGen       total 68608K, used 9551K [0x0000000080000000, 0x0000000084300000, 0x00000000d5580000)
  object space 68608K, 13% used [0x0000000080000000,0x0000000080953f80,0x0000000084300000)
 Metaspace       used 20564K, committed 21504K, reserved 1114112K
  class space    used 2202K, committed 2624K, reserved 1048576K
}
Event: 13.045 GC heap before
{Heap before GC invocations=8 (full 1):
 PSYoungGen      total 29184K, used 4344K [0x00000000d5580000, 0x00000000d7680000, 0x0000000100000000)
  eden space 24576K, 0% used [0x00000000d5580000,0x00000000d5580000,0x00000000d6d80000)
  from space 4608K, 94% used [0x00000000d6e80000,0x00000000d72be298,0x00000000d7300000)
  to   space 3584K, 0% used [0x00000000d7300000,0x00000000d7300000,0x00000000d7680000)
 ParOldGen       total 68608K, used 9551K [0x0000000080000000, 0x0000000084300000, 0x00000000d5580000)
  object space 68608K, 13% used [0x0000000080000000,0x0000000080953f80,0x0000000084300000)
 Metaspace       used 20564K, committed 21504K, reserved 1114112K
  class space    used 2202K, committed 2624K, reserved 1048576K
}
Event: 13.090 GC heap after
{Heap after GC invocations=8 (full 1):
 PSYoungGen      total 29184K, used 0K [0x00000000d5580000, 0x00000000d7680000, 0x0000000100000000)
  eden space 24576K, 0% used [0x00000000d5580000,0x00000000d5580000,0x00000000d6d80000)
  from space 4608K, 0% used [0x00000000d6e80000,0x00000000d6e80000,0x00000000d7300000)
  to   space 3584K, 0% used [0x00000000d7300000,0x00000000d7300000,0x00000000d7680000)
 ParOldGen       total 68608K, used 13195K [0x0000000080000000, 0x0000000084300000, 0x00000000d5580000)
  object space 68608K, 19% used [0x0000000080000000,0x0000000080ce2c18,0x0000000084300000)
 Metaspace       used 20552K, committed 21504K, reserved 1114112K
  class space    used 2199K, committed 2624K, reserved 1048576K
}

Dll operation events (10 events):
Event: 0.021 Loaded shared library c:\Users\Dell\.vscode\extensions\redhat.java-1.53.0-win32-x64\jre\21.0.10-win32-x86_64\bin\java.dll
Event: 0.224 Loaded shared library c:\Users\Dell\.vscode\extensions\redhat.java-1.53.0-win32-x64\jre\21.0.10-win32-x86_64\bin\zip.dll
Event: 0.415 Loaded shared library C:\Users\Dell\.vscode\extensions\redhat.java-1.53.0-win32-x64\jre\21.0.10-win32-x86_64\bin\instrument.dll
Event: 0.422 Loaded shared library C:\Users\Dell\.vscode\extensions\redhat.java-1.53.0-win32-x64\jre\21.0.10-win32-x86_64\bin\net.dll
Event: 0.427 Loaded shared library C:\Users\Dell\.vscode\extensions\redhat.java-1.53.0-win32-x64\jre\21.0.10-win32-x86_64\bin\nio.dll
Event: 0.439 Loaded shared library C:\Users\Dell\.vscode\extensions\redhat.java-1.53.0-win32-x64\jre\21.0.10-win32-x86_64\bin\zip.dll
Event: 0.479 Loaded shared library C:\Users\Dell\.vscode\extensions\redhat.java-1.53.0-win32-x64\jre\21.0.10-win32-x86_64\bin\jimage.dll
Event: 0.662 Loaded shared library c:\Users\Dell\.vscode\extensions\redhat.java-1.53.0-win32-x64\jre\21.0.10-win32-x86_64\bin\verify.dll
Event: 6.516 Loaded shared library C:\Users\Dell\AppData\Roaming\Code\User\globalStorage\redhat.java\1.53.0\config_win\org.eclipse.equinox.launcher\org.eclipse.equinox.launcher.win32.win32.x86_64_1.3.0.v20260203-2149\eclipse_11919.dll
Event: 11.719 Loaded shared library C:\Users\Dell\AppData\Local\Temp\jna-2126305\jna35162994533199785.dll

Deoptimization events (20 events):
Event: 12.879 Thread 0x0000024f6c366310 Uncommon trap: trap_request=0xffffffde fr.pc=0x0000024f5aa056cc relative=0x000000000000046c
Event: 12.879 Thread 0x0000024f6c366310 Uncommon trap: reason=class_check action=maybe_recompile pc=0x0000024f5aa056cc method=java.util.ImmutableCollections$MapN.probe(Ljava/lang/Object;)I @ 1 c2
Event: 12.879 Thread 0x0000024f6c366310 DEOPT PACKING pc=0x0000024f5aa056cc sp=0x0000007e8eaf2840
Event: 12.879 Thread 0x0000024f6c366310 DEOPT UNPACKING pc=0x0000024f5a3a6da2 sp=0x0000007e8eaf27f0 mode 2
Event: 12.879 Thread 0x0000024f6c366310 Uncommon trap: trap_request=0xffffffde fr.pc=0x0000024f5aa056cc relative=0x000000000000046c
Event: 12.879 Thread 0x0000024f6c366310 Uncommon trap: reason=class_check action=maybe_recompile pc=0x0000024f5aa056cc method=java.util.ImmutableCollections$MapN.probe(Ljava/lang/Object;)I @ 1 c2
Event: 12.879 Thread 0x0000024f6c366310 DEOPT PACKING pc=0x0000024f5aa056cc sp=0x0000007e8eaf2840
Event: 12.879 Thread 0x0000024f6c366310 DEOPT UNPACKING pc=0x0000024f5a3a6da2 sp=0x0000007e8eaf27f0 mode 2
Event: 12.879 Thread 0x0000024f6c366310 Uncommon trap: trap_request=0xffffffde fr.pc=0x0000024f5aa056cc relative=0x000000000000046c
Event: 12.879 Thread 0x0000024f6c366310 Uncommon trap: reason=class_check action=maybe_recompile pc=0x0000024f5aa056cc method=java.util.ImmutableCollections$MapN.probe(Ljava/lang/Object;)I @ 1 c2
Event: 12.879 Thread 0x0000024f6c366310 DEOPT PACKING pc=0x0000024f5aa056cc sp=0x0000007e8eaf2840
Event: 12.879 Thread 0x0000024f6c366310 DEOPT UNPACKING pc=0x0000024f5a3a6da2 sp=0x0000007e8eaf27f0 mode 2
Event: 12.879 Thread 0x0000024f6c366310 Uncommon trap: trap_request=0xffffffde fr.pc=0x0000024f5aa056cc relative=0x000000000000046c
Event: 12.879 Thread 0x0000024f6c366310 Uncommon trap: reason=class_check action=maybe_recompile pc=0x0000024f5aa056cc method=java.util.ImmutableCollections$MapN.probe(Ljava/lang/Object;)I @ 1 c2
Event: 12.879 Thread 0x0000024f6c366310 DEOPT PACKING pc=0x0000024f5aa056cc sp=0x0000007e8eaf2840
Event: 12.879 Thread 0x0000024f6c366310 DEOPT UNPACKING pc=0x0000024f5a3a6da2 sp=0x0000007e8eaf27f0 mode 2
Event: 13.014 Thread 0x0000024f6c366310 Uncommon trap: trap_request=0xffffff45 fr.pc=0x0000024f5aa7106c relative=0x00000000000052cc
Event: 13.014 Thread 0x0000024f6c366310 Uncommon trap: reason=unstable_if action=reinterpret pc=0x0000024f5aa7106c method=java.lang.invoke.MethodType.genericMethodType(IZ)Ljava/lang/invoke/MethodType; @ 27 c2
Event: 13.014 Thread 0x0000024f6c366310 DEOPT PACKING pc=0x0000024f5aa7106c sp=0x0000007e8eaefa00
Event: 13.014 Thread 0x0000024f6c366310 DEOPT UNPACKING pc=0x0000024f5a3a6da2 sp=0x0000007e8eaef810 mode 2

Classes loaded (20 events):
Event: 12.880 Loading class java/io/ObjectStreamClass$DeserializationConstructorsCache$Key done
Event: 12.880 Loading class java/io/ObjectStreamClass$DeserializationConstructorsCache$Key$Lookup done
Event: 12.885 Loading class java/lang/invoke/BoundMethodHandle$Species_LIL
Event: 12.885 Loading class java/lang/invoke/BoundMethodHandle$Species_LIL done
Event: 12.887 Loading class java/io/ObjectStreamClass$DeserializationConstructorsCache$Key$Impl
Event: 12.888 Loading class java/io/ObjectStreamClass$DeserializationConstructorsCache$Key$Impl done
Event: 12.888 Loading class java/lang/runtime/ObjectMethods
Event: 12.890 Loading class java/lang/runtime/ObjectMethods done
Event: 12.893 Loading class java/lang/invoke/MethodHandleImpl$Makers
Event: 12.894 Loading class java/lang/invoke/MethodHandleImpl$Makers done
Event: 12.894 Loading class java/lang/invoke/MethodHandleImpl$Makers$1
Event: 12.894 Loading class java/lang/invoke/MethodHandleImpl$Makers$1 done
Event: 12.894 Loading class java/lang/invoke/MethodHandleImpl$Makers$2
Event: 12.895 Loading class java/lang/invoke/MethodHandleImpl$Makers$2 done
Event: 12.895 Loading class java/lang/invoke/MethodHandleImpl$Makers$3
Event: 12.895 Loading class java/lang/invoke/MethodHandleImpl$Makers$3 done
Event: 12.898 Loading class java/lang/runtime/ObjectMethods$1
Event: 12.898 Loading class java/lang/runtime/ObjectMethods$1 done
Event: 13.026 Loading class java/io/FileFilter
Event: 13.027 Loading class java/io/FileFilter done

Classes unloaded (7 events):
Event: 13.051 Thread 0x0000024f4fb71d20 Unloading class 0x0000024f011a5000 'java/lang/invoke/LambdaForm$MH+0x0000024f011a5000'
Event: 13.051 Thread 0x0000024f4fb71d20 Unloading class 0x0000024f011a4c00 'java/lang/invoke/LambdaForm$MH+0x0000024f011a4c00'
Event: 13.051 Thread 0x0000024f4fb71d20 Unloading class 0x0000024f011a4800 'java/lang/invoke/LambdaForm$MH+0x0000024f011a4800'
Event: 13.051 Thread 0x0000024f4fb71d20 Unloading class 0x0000024f011a4400 'java/lang/invoke/LambdaForm$MH+0x0000024f011a4400'
Event: 13.051 Thread 0x0000024f4fb71d20 Unloading class 0x0000024f011a4000 'java/lang/invoke/LambdaForm$BMH+0x0000024f011a4000'
Event: 13.051 Thread 0x0000024f4fb71d20 Unloading class 0x0000024f011a3c00 'java/lang/invoke/LambdaForm$DMH+0x0000024f011a3c00'
Event: 13.051 Thread 0x0000024f4fb71d20 Unloading class 0x0000024f011a2800 'java/lang/invoke/LambdaForm$DMH+0x0000024f011a2800'

Classes redefined (0 events):
No events

Internal exceptions (20 events):
Event: 11.877 Thread 0x0000024f6c366310 Exception <a 'java/lang/NoSuchMethodError'{0x00000000d5e0a5e8}: 'java.lang.Object java.lang.invoke.DirectMethodHandle$Holder.newInvokeSpecial(java.lang.Object, java.lang.Object, java.lang.Object, int, java.lang.Object)'> (0x00000000d5e0a5e8) 
thrown [s\src\hotspot\share\interpreter\linkResolver.cpp, line 773]
Event: 11.878 Thread 0x0000024f6c366310 Exception <a 'java/lang/NoSuchMethodError'{0x00000000d5e0e568}: 'java.lang.Object java.lang.invoke.DirectMethodHandle$Holder.invokeSpecial(java.lang.Object, java.lang.Object, java.lang.Object, java.lang.Object, int, java.lang.Object)'> (0x00000000d5e0e568) 
thrown [s\src\hotspot\share\interpreter\linkResolver.cpp, line 773]
Event: 11.879 Thread 0x0000024f6c366310 Exception <a 'java/lang/NoSuchMethodError'{0x00000000d5e120a8}: 'java.lang.Object java.lang.invoke.Invokers$Holder.linkToTargetMethod(java.lang.Object, java.lang.Object, int, java.lang.Object, java.lang.Object)'> (0x00000000d5e120a8) 
thrown [s\src\hotspot\share\interpreter\linkResolver.cpp, line 773]
Event: 11.880 Thread 0x0000024f6cadf7f0 Exception <a 'java/lang/NoSuchMethodError'{0x00000000d5cfb1e0}: 'java.lang.Object java.lang.invoke.DirectMethodHandle$Holder.invokeSpecial(java.lang.Object, java.lang.Object, int, java.lang.Object, java.lang.Object)'> (0x00000000d5cfb1e0) 
thrown [s\src\hotspot\share\interpreter\linkResolver.cpp, line 773]
Event: 11.919 Thread 0x0000024f6c366310 Exception <a 'java/lang/NoSuchMethodError'{0x00000000d5f1aff8}: 'void java.lang.invoke.DirectMethodHandle$Holder.invokeSpecial(java.lang.Object, java.lang.Object, java.lang.Object, java.lang.Object, java.lang.Object)'> (0x00000000d5f1aff8) 
thrown [s\src\hotspot\share\interpreter\linkResolver.cpp, line 773]
Event: 12.203 Thread 0x0000024f6c366310 Exception <a 'java/lang/NoSuchMethodError'{0x00000000d66dc9f8}: 'java.lang.Object java.lang.invoke.DirectMethodHandle$Holder.invokeInterface(java.lang.Object, java.lang.Object, java.lang.Object)'> (0x00000000d66dc9f8) 
thrown [s\src\hotspot\share\interpreter\linkResolver.cpp, line 773]
Event: 12.317 Thread 0x0000024f6c366310 Exception <a 'java/lang/NoSuchMethodError'{0x00000000d6b5d000}: 'java.lang.Object java.lang.invoke.Invokers$Holder.linkToTargetMethod(java.lang.Object, long, java.lang.Object, java.lang.Object)'> (0x00000000d6b5d000) 
thrown [s\src\hotspot\share\interpreter\linkResolver.cpp, line 773]
Event: 12.823 Thread 0x0000024f6c366310 Exception <a 'java/lang/NoSuchMethodError'{0x00000000d636be88}: 'long java.lang.invoke.Invokers$Holder.invokeExact_MT(java.lang.Object, java.lang.Object)'> (0x00000000d636be88) 
thrown [s\src\hotspot\share\interpreter\linkResolver.cpp, line 773]
Event: 12.877 Thread 0x0000024f6c366310 Exception <a 'java/lang/NoSuchMethodError'{0x00000000d64a5f28}: 'long java.lang.invoke.DirectMethodHandle$Holder.invokeStatic(java.lang.Object, java.lang.Object, int)'> (0x00000000d64a5f28) 
thrown [s\src\hotspot\share\interpreter\linkResolver.cpp, line 773]
Event: 12.886 Thread 0x0000024f6c366310 Exception <a 'java/lang/NoSuchMethodError'{0x00000000d64eec60}: 'java.lang.Object java.lang.invoke.DirectMethodHandle$Holder.invokeStatic(java.lang.Object, java.lang.Object, java.lang.Object, java.lang.Object, int, java.lang.Object)'> (0x00000000d64eec60) 
thrown [s\src\hotspot\share\interpreter\linkResolver.cpp, line 773]
Event: 12.890 Thread 0x0000024f6c366310 Exception <a 'java/lang/NoSuchMethodError'{0x00000000d6508e40}: 'java.lang.Object java.lang.invoke.DirectMethodHandle$Holder.invokeStaticInit(java.lang.Object, java.lang.Object, java.lang.Object, java.lang.Object, java.lang.Object, java.lang.Object, java.lang.Object)'> (0x00000000d6508e40) 
thrown [s\src\hotspot\share\interpreter\linkResolver.cpp, line 773]
Event: 12.892 Thread 0x0000024f6c366310 Exception <a 'java/lang/NoSuchMethodError'{0x00000000d650e5e0}: 'java.lang.Object java.lang.invoke.Invokers$Holder.invoke_MT(java.lang.Object, java.lang.Object, java.lang.Object, java.lang.Object, java.lang.Object, java.lang.Object, java.lang.Object, java.lang.Object, java.lang.Object)'> (0x00000000d650e5e0) 
thrown [s\src\hotspot\share\interpreter\linkResolver.cpp, line 773]
Event: 12.898 Thread 0x0000024f6c366310 Exception <a 'java/lang/NoSuchMethodError'{0x00000000d65439e0}: 'int java.lang.invoke.DirectMethodHandle$Holder.invokeVirtual(java.lang.Object, java.lang.Object, java.lang.Object)'> (0x00000000d65439e0) 
thrown [s\src\hotspot\share\interpreter\linkResolver.cpp, line 773]
Event: 12.899 Thread 0x0000024f6c366310 Exception <a 'java/lang/NoSuchMethodError'{0x00000000d6548978}: 'int java.lang.invoke.DirectMethodHandle$Holder.invokeStaticInit(java.lang.Object, int, int)'> (0x00000000d6548978) 
thrown [s\src\hotspot\share\interpreter\linkResolver.cpp, line 773]
Event: 12.900 Thread 0x0000024f6c366310 Exception <a 'java/lang/NoSuchMethodError'{0x00000000d6550d00}: 'int java.lang.invoke.DirectMethodHandle$Holder.invokeStaticInit(java.lang.Object, long, long)'> (0x00000000d6550d00) 
thrown [s\src\hotspot\share\interpreter\linkResolver.cpp, line 773]
Event: 12.900 Thread 0x0000024f6c366310 Exception <a 'java/lang/NoSuchMethodError'{0x00000000d65586b8}: 'int java.lang.invoke.DirectMethodHandle$Holder.invokeStaticInit(java.lang.Object, float, float)'> (0x00000000d65586b8) 
thrown [s\src\hotspot\share\interpreter\linkResolver.cpp, line 773]
Event: 12.901 Thread 0x0000024f6c366310 Exception <a 'java/lang/NoSuchMethodError'{0x00000000d6560068}: 'int java.lang.invoke.DirectMethodHandle$Holder.invokeStaticInit(java.lang.Object, double, double)'> (0x00000000d6560068) 
thrown [s\src\hotspot\share\interpreter\linkResolver.cpp, line 773]
Event: 12.901 Thread 0x0000024f6c366310 Exception <a 'java/lang/NoSuchMethodError'{0x00000000d6565480}: 'int java.lang.invoke.DirectMethodHandle$Holder.invokeStatic(java.lang.Object, long)'> (0x00000000d6565480) 
thrown [s\src\hotspot\share\interpreter\linkResolver.cpp, line 773]
Event: 12.905 Thread 0x0000024f6c366310 Exception <a 'java/lang/NoSuchMethodError'{0x00000000d6584168}: 'int java.lang.invoke.Invokers$Holder.linkToTargetMethod(java.lang.Object, java.lang.Object)'> (0x00000000d6584168) 
thrown [s\src\hotspot\share\interpreter\linkResolver.cpp, line 773]
Event: 13.015 Thread 0x0000024f6c366310 Exception <a 'java/lang/NoSuchMethodError'{0x00000000d6611858}: 'java.lang.Object java.lang.invoke.Invokers$Holder.invoke_MT(java.lang.Object, java.lang.Object, java.lang.Object, java.lang.Object, java.lang.Object, java.lang.Object, java.lang.Object, java.lang.Object, java.lang.Object, java.lang.Object, java.lang.Object)'> (0x00000000d6611858) 
thrown [s\src\hotspot\share\interpreter\linkResolver.cpp, line 773]

ZGC Phase Switch (0 events):
No events

VM Operations (20 events):
Event: 10.874 Executing safepoint VM operation: ParallelGCFailedAllocation (Allocation Failure)
Event: 10.899 Executing safepoint VM operation: ParallelGCFailedAllocation (Allocation Failure) done
Event: 11.557 Executing non-safepoint VM operation: HandshakeAllThreads (Deoptimize)
Event: 11.557 Executing non-safepoint VM operation: HandshakeAllThreads (Deoptimize) done
Event: 11.736 Executing non-safepoint VM operation: HandshakeAllThreads (Deoptimize)
Event: 11.736 Executing non-safepoint VM operation: HandshakeAllThreads (Deoptimize) done
Event: 12.042 Executing non-safepoint VM operation: HandshakeAllThreads (Deoptimize)
Event: 12.042 Executing non-safepoint VM operation: HandshakeAllThreads (Deoptimize) done
Event: 12.042 Executing safepoint VM operation: Cleanup
Event: 12.042 Executing safepoint VM operation: Cleanup done
Event: 12.129 Executing non-safepoint VM operation: HandshakeAllThreads (Deoptimize)
Event: 12.129 Executing non-safepoint VM operation: HandshakeAllThreads (Deoptimize) done
Event: 12.138 Executing non-safepoint VM operation: HandshakeAllThreads (Deoptimize)
Event: 12.138 Executing non-safepoint VM operation: HandshakeAllThreads (Deoptimize) done
Event: 12.384 Executing safepoint VM operation: ParallelGCFailedAllocation (Allocation Failure)
Event: 12.389 Executing safepoint VM operation: ParallelGCFailedAllocation (Allocation Failure) done
Event: 12.873 Executing non-safepoint VM operation: HandshakeAllThreads (Deoptimize)
Event: 12.873 Executing non-safepoint VM operation: HandshakeAllThreads (Deoptimize) done
Event: 13.036 Executing safepoint VM operation: CollectForMetadataAllocation (Metadata GC Threshold)
Event: 13.091 Executing safepoint VM operation: CollectForMetadataAllocation (Metadata GC Threshold) done

Memory protections (0 events):
No events

Nmethod flushes (0 events):
No events

Events (20 events):
Event: 4.293 Thread 0x0000024f6c008120 Thread added: 0x0000024f6c935330
Event: 4.465 Thread 0x0000024f6c935330 Thread exited: 0x0000024f6c935330
Event: 5.203 Thread 0x0000024f4fc1a8c0 Thread added: 0x0000024f6c87bcb0
Event: 5.657 Thread 0x0000024f6c008120 Thread added: 0x0000024f6c8befa0
Event: 5.859 Thread 0x0000024f6c8befa0 Thread exited: 0x0000024f6c8befa0
Event: 6.503 Thread 0x0000024f4fc1a8c0 Thread added: 0x0000024f6c1ad730
Event: 6.603 Thread 0x0000024f6c1ad730 Thread added: 0x0000024f6c368ac0
Event: 6.609 Thread 0x0000024f4fc1a8c0 Thread added: 0x0000024f6c366310
Event: 7.095 Thread 0x0000024f6c008120 Thread added: 0x0000024f6c5efdc0
Event: 7.497 Thread 0x0000024f6c366310 Thread added: 0x0000024f6c5eef10
Event: 8.171 Thread 0x0000024f6c5efdc0 Thread exited: 0x0000024f6c5efdc0
Event: 8.542 Thread 0x0000024f6c366310 Thread added: 0x0000024f6d31d430
Event: 8.726 Thread 0x0000024f4fb9b0d0 Thread added: 0x0000024f6c677bd0
Event: 9.426 Thread 0x0000024f6c677bd0 Thread exited: 0x0000024f6c677bd0
Event: 9.528 Thread 0x0000024f6c366310 Thread added: 0x0000024f6d37d990
Event: 11.781 Thread 0x0000024f6c366310 Thread added: 0x0000024f6cadfe80
Event: 11.845 Thread 0x0000024f6c366310 Thread added: 0x0000024f6cadf7f0
Event: 11.885 Thread 0x0000024f6c366310 Thread added: 0x0000024f6cae0510
Event: 12.082 Thread 0x0000024f6c008120 Thread added: 0x0000024f6d73c300
Event: 12.815 Thread 0x0000024f6d73c300 Thread exited: 0x0000024f6d73c300


Dynamic libraries:
0x00007ff6cd310000 - 0x00007ff6cd31e000 	c:\Users\Dell\.vscode\extensions\redhat.java-1.53.0-win32-x64\jre\21.0.10-win32-x86_64\bin\java.exe
0x00007ffff4e80000 - 0x00007ffff50e7000 	C:\WINDOWS\SYSTEM32\ntdll.dll
0x00007ffff2c20000 - 0x00007ffff2ce9000 	C:\WINDOWS\System32\KERNEL32.DLL
0x00007ffff2520000 - 0x00007ffff290f000 	C:\WINDOWS\System32\KERNELBASE.dll
0x00007ffff2100000 - 0x00007ffff224b000 	C:\WINDOWS\System32\ucrtbase.dll
0x00007fff737b0000 - 0x00007fff737c8000 	c:\Users\Dell\.vscode\extensions\redhat.java-1.53.0-win32-x64\jre\21.0.10-win32-x86_64\bin\jli.dll
0x00007fff6e260000 - 0x00007fff6e27e000 	c:\Users\Dell\.vscode\extensions\redhat.java-1.53.0-win32-x64\jre\21.0.10-win32-x86_64\bin\VCRUNTIME140.dll
0x00007ffff3910000 - 0x00007ffff3ad5000 	C:\WINDOWS\System32\USER32.dll
0x00007ffff29e0000 - 0x00007ffff2a07000 	C:\WINDOWS\System32\win32u.dll
0x00007fffdae90000 - 0x00007fffdb123000 	C:\WINDOWS\WinSxS\amd64_microsoft.windows.common-controls_6595b64144ccf1df_6.0.26100.7309_none_3e05feeae336a044\COMCTL32.dll
0x00007ffff4c50000 - 0x00007ffff4c7b000 	C:\WINDOWS\System32\GDI32.dll
0x00007ffff3b60000 - 0x00007ffff3c09000 	C:\WINDOWS\System32\msvcrt.dll
0x00007ffff1fd0000 - 0x00007ffff20fc000 	C:\WINDOWS\System32\gdi32full.dll
0x00007ffff2250000 - 0x00007ffff22f3000 	C:\WINDOWS\System32\msvcp_win.dll
0x00007ffff4d00000 - 0x00007ffff4d31000 	C:\WINDOWS\System32\IMM32.DLL
0x00007fffbaae0000 - 0x00007fffbaaec000 	c:\Users\Dell\.vscode\extensions\redhat.java-1.53.0-win32-x64\jre\21.0.10-win32-x86_64\bin\vcruntime140_1.dll
0x00007fff4a790000 - 0x00007fff4a81d000 	c:\Users\Dell\.vscode\extensions\redhat.java-1.53.0-win32-x64\jre\21.0.10-win32-x86_64\bin\msvcp140.dll
0x00007fff3ef40000 - 0x00007fff3fce1000 	c:\Users\Dell\.vscode\extensions\redhat.java-1.53.0-win32-x64\jre\21.0.10-win32-x86_64\bin\server\jvm.dll
0x00007ffff3f00000 - 0x00007ffff3fb4000 	C:\WINDOWS\System32\ADVAPI32.dll
0x00007ffff3df0000 - 0x00007ffff3e96000 	C:\WINDOWS\System32\sechost.dll
0x00007ffff2d00000 - 0x00007ffff2e18000 	C:\WINDOWS\System32\RPCRT4.dll
0x00007ffff3ae0000 - 0x00007ffff3b54000 	C:\WINDOWS\System32\WS2_32.dll
0x00007ffff1e30000 - 0x00007ffff1e8e000 	C:\WINDOWS\SYSTEM32\POWRPROF.dll
0x00007fffe8eb0000 - 0x00007fffe8ee5000 	C:\WINDOWS\SYSTEM32\WINMM.dll
0x00007fffea960000 - 0x00007fffea96b000 	C:\WINDOWS\SYSTEM32\VERSION.dll
0x00007ffff1e10000 - 0x00007ffff1e24000 	C:\WINDOWS\SYSTEM32\UMPDC.dll
0x00007ffff0d80000 - 0x00007ffff0d9b000 	C:\WINDOWS\SYSTEM32\kernel.appcore.dll
0x00007fff93910000 - 0x00007fff9391a000 	c:\Users\Dell\.vscode\extensions\redhat.java-1.53.0-win32-x64\jre\21.0.10-win32-x86_64\bin\jimage.dll
0x00007fffef420000 - 0x00007fffef662000 	C:\WINDOWS\SYSTEM32\DBGHELP.DLL
0x00007ffff48c0000 - 0x00007ffff4c45000 	C:\WINDOWS\System32\combase.dll
0x00007ffff4310000 - 0x00007ffff43e6000 	C:\WINDOWS\System32\OLEAUT32.dll
0x00007fffd9cb0000 - 0x00007fffd9cec000 	C:\WINDOWS\SYSTEM32\dbgcore.DLL
0x00007ffff2470000 - 0x00007ffff2515000 	C:\WINDOWS\System32\bcryptPrimitives.dll
0x00007fff93260000 - 0x00007fff9326f000 	c:\Users\Dell\.vscode\extensions\redhat.java-1.53.0-win32-x64\jre\21.0.10-win32-x86_64\bin\instrument.dll
0x00007fff6be90000 - 0x00007fff6beb0000 	c:\Users\Dell\.vscode\extensions\redhat.java-1.53.0-win32-x64\jre\21.0.10-win32-x86_64\bin\java.dll
0x00007ffff3140000 - 0x00007ffff3893000 	C:\WINDOWS\System32\SHELL32.dll
0x00007ffff2300000 - 0x00007ffff246a000 	C:\WINDOWS\System32\wintypes.dll
0x00007fffefba0000 - 0x00007ffff03fe000 	C:\WINDOWS\SYSTEM32\windows.storage.dll
0x00007ffff2e20000 - 0x00007ffff2f15000 	C:\WINDOWS\System32\SHCORE.dll
0x00007ffff38a0000 - 0x00007ffff3906000 	C:\WINDOWS\System32\shlwapi.dll
0x00007ffff1ef0000 - 0x00007ffff1f19000 	C:\WINDOWS\SYSTEM32\profapi.dll
0x00007fff6bdd0000 - 0x00007fff6bde8000 	c:\Users\Dell\.vscode\extensions\redhat.java-1.53.0-win32-x64\jre\21.0.10-win32-x86_64\bin\zip.dll
0x00007fff8cf70000 - 0x00007fff8cf80000 	C:\Users\Dell\.vscode\extensions\redhat.java-1.53.0-win32-x64\jre\21.0.10-win32-x86_64\bin\net.dll
0x00007fffeb810000 - 0x00007fffeb938000 	C:\WINDOWS\SYSTEM32\WINHTTP.dll
0x00007ffff12f0000 - 0x00007ffff135b000 	C:\WINDOWS\system32\mswsock.dll
0x00007fff55930000 - 0x00007fff55946000 	C:\Users\Dell\.vscode\extensions\redhat.java-1.53.0-win32-x64\jre\21.0.10-win32-x86_64\bin\nio.dll
0x00007fff8cec0000 - 0x00007fff8ced0000 	c:\Users\Dell\.vscode\extensions\redhat.java-1.53.0-win32-x64\jre\21.0.10-win32-x86_64\bin\verify.dll
0x00007fff4eb00000 - 0x00007fff4eb45000 	C:\Users\Dell\AppData\Roaming\Code\User\globalStorage\redhat.java\1.53.0\config_win\org.eclipse.equinox.launcher\org.eclipse.equinox.launcher.win32.win32.x86_64_1.3.0.v20260203-2149\eclipse_11919.dll
0x00007ffff2fa0000 - 0x00007ffff3137000 	C:\WINDOWS\System32\ole32.dll
0x00007ffff15b0000 - 0x00007ffff15cb000 	C:\WINDOWS\SYSTEM32\CRYPTSP.dll
0x00007ffff0ce0000 - 0x00007ffff0d1a000 	C:\WINDOWS\system32\rsaenh.dll
0x00007ffff13a0000 - 0x00007ffff13cb000 	C:\WINDOWS\SYSTEM32\USERENV.dll
0x00007ffff1ec0000 - 0x00007ffff1eea000 	C:\WINDOWS\SYSTEM32\bcrypt.dll
0x00007ffff15d0000 - 0x00007ffff15dc000 	C:\WINDOWS\SYSTEM32\CRYPTBASE.dll
0x00007ffff0750000 - 0x00007ffff0784000 	C:\WINDOWS\SYSTEM32\IPHLPAPI.DLL
0x00007ffff4300000 - 0x00007ffff430a000 	C:\WINDOWS\System32\NSI.dll
0x00007fff6bf00000 - 0x00007fff6bf49000 	C:\Users\Dell\AppData\Local\Temp\jna-2126305\jna35162994533199785.dll
0x00007ffff48b0000 - 0x00007ffff48b8000 	C:\WINDOWS\System32\PSAPI.DLL

JVMTI agents:
c:\Users\Dell\.vscode\extensions\redhat.java-1.53.0-win32-x64\lombok\lombok-1.18.39-4050.jar path:c:\Users\Dell\.vscode\extensions\redhat.java-1.53.0-win32-x64\jre\21.0.10-win32-x86_64\bin\instrument.dll, loaded, initialized, instrumentlib options:none

dbghelp: loaded successfully - version: 4.0.5 - missing functions: none
symbol engine: initialized successfully - sym options: 0x614 - pdb path: .;c:\Users\Dell\.vscode\extensions\redhat.java-1.53.0-win32-x64\jre\21.0.10-win32-x86_64\bin;C:\WINDOWS\SYSTEM32;C:\WINDOWS\WinSxS\amd64_microsoft.windows.common-controls_6595b64144ccf1df_6.0.26100.7309_none_3e05feeae336a044;c:\Users\Dell\.vscode\extensions\redhat.java-1.53.0-win32-x64\jre\21.0.10-win32-x86_64\bin\server;C:\Users\Dell\AppData\Roaming\Code\User\globalStorage\redhat.java\1.53.0\config_win\org.eclipse.equinox.launcher\org.eclipse.equinox.launcher.win32.win32.x86_64_1.3.0.v20260203-2149;C:\Users\Dell\AppData\Local\Temp\jna-2126305

VM Arguments:
jvm_args: --add-modules=ALL-SYSTEM --add-opens=java.base/java.util=ALL-UNNAMED --add-opens=java.base/java.lang=ALL-UNNAMED --add-opens=java.base/sun.nio.fs=ALL-UNNAMED -Declipse.application=org.eclipse.jdt.ls.core.id1 -Dosgi.bundles.defaultStartLevel=4 -Declipse.product=org.eclipse.jdt.ls.core.product -Djava.import.generatesMetadataFilesAtProjectRoot=false -DDetectVMInstallationsJob.disabled=true -Dfile.encoding=utf8 -XX:+UseParallelGC -XX:GCTimeRatio=4 -XX:AdaptiveSizePolicyWeight=90 -Dsun.zip.disableMemoryMapping=true -Xmx2G -Xms100m -Xlog:disable -javaagent:c:\Users\Dell\.vscode\extensions\redhat.java-1.53.0-win32-x64\lombok\lombok-1.18.39-4050.jar -XX:+HeapDumpOnOutOfMemoryError -XX:HeapDumpPath=c:\Users\Dell\AppData\Roaming\Code\User\workspaceStorage\030274fffca1edf6b01d840448dc3ca1\redhat.java -Daether.dependencyCollector.impl=bf 
java_command: c:\Users\Dell\.vscode\extensions\redhat.java-1.53.0-win32-x64\server\plugins\org.eclipse.equinox.launcher_1.7.100.v20251111-0406.jar -configuration c:\Users\Dell\AppData\Roaming\Code\User\globalStorage\redhat.java\1.53.0\config_win -data c:\Users\Dell\AppData\Roaming\Code\User\workspaceStorage\030274fffca1edf6b01d840448dc3ca1\redhat.java\jdt_ws --pipe=\\.\pipe\lsp-66028a5730763d679a7a46d82975820d-sock
java_class_path (initial): c:\Users\Dell\.vscode\extensions\redhat.java-1.53.0-win32-x64\server\plugins\org.eclipse.equinox.launcher_1.7.100.v20251111-0406.jar
Launcher Type: SUN_STANDARD

[Global flags]
    uintx AdaptiveSizePolicyWeight                 = 90                                        {product} {command line}
     intx CICompilerCount                          = 4                                         {product} {ergonomic}
    uintx GCTimeRatio                              = 4                                         {product} {command line}
     bool HeapDumpOnOutOfMemoryError               = true                                   {manageable} {command line}
    ccstr HeapDumpPath                             = c:\Users\Dell\AppData\Roaming\Code\User\workspaceStorage\030274fffca1edf6b01d840448dc3ca1\redhat.java         {manageable} {command line}
   size_t InitialHeapSize                          = 104857600                                 {product} {command line}
   size_t MaxHeapSize                              = 2147483648                                {product} {command line}
   size_t MaxNewSize                               = 715653120                                 {product} {ergonomic}
   size_t MinHeapDeltaBytes                        = 524288                                    {product} {ergonomic}
   size_t MinHeapSize                              = 104857600                                 {product} {command line}
   size_t NewSize                                  = 34603008                                  {product} {ergonomic}
    uintx NonNMethodCodeHeapSize                   = 5839372                                {pd product} {ergonomic}
    uintx NonProfiledCodeHeapSize                  = 122909434                              {pd product} {ergonomic}
   size_t OldSize                                  = 70254592                                  {product} {ergonomic}
    uintx ProfiledCodeHeapSize                     = 122909434                              {pd product} {ergonomic}
    uintx ReservedCodeCacheSize                    = 251658240                              {pd product} {ergonomic}
     bool SegmentedCodeCache                       = true                                      {product} {ergonomic}
   size_t SoftMaxHeapSize                          = 2147483648                             {manageable} {ergonomic}
     bool UseCompressedOops                        = true                           {product lp64_product} {ergonomic}
     bool UseLargePagesIndividualAllocation        = false                                  {pd product} {ergonomic}
     bool UseParallelGC                            = true                                      {product} {command line}

Logging:
Log output configuration:
 #0: stdout all=off uptime,level,tags foldmultilines=false
 #1: stderr all=off uptime,level,tags foldmultilines=false

Release file:
JAVA_VERSION="21.0.10" 
MODULES="java.base java.compiler java.datatransfer java.xml java.prefs java.desktop java.instrument java.logging java.management java.security.sasl java.naming java.rmi java.management.rmi java.net.http java.scripting java.security.jgss java.transaction.xa java.sql java.sql.rowset java.xml.crypto java.se java.smartcardio jdk.accessibility jdk.internal.jvmstat jdk.attach jdk.charsets jdk.internal.opt jdk.zipfs jdk.compiler jdk.crypto.ec jdk.crypto.cryptoki jdk.crypto.mscapi jdk.dynalink jdk.internal.ed jdk.editpad jdk.hotspot.agent jdk.httpserver jdk.internal.le jdk.internal.vm.ci jdk.internal.vm.compiler jdk.internal.vm.compiler.management jdk.jartool jdk.javadoc jdk.jcmd jdk.management jdk.management.agent jdk.jconsole jdk.jdeps jdk.jdwp.agent jdk.jdi jdk.jfr jdk.jshell jdk.jsobject jdk.jstatd jdk.localedata jdk.management.jfr jdk.naming.dns jdk.naming.rmi jdk.net jdk.nio.mapmode jdk.random jdk.sctp jdk.security.auth jdk.security.jgss jdk.unsupported jdk.unsupported.desktop jdk.xml.dom" 

Environment Variables:
PATH=C:\Users\Dell\AppData\Local\Programs\Microsoft VS Code;C:\oraclexe\app\oracle\product\11.2.0\server\bin;C:\Program Files\Common Files\Oracle\Java\javapath;C:\Program Files (x86)\Common Files\Oracle\Java\javapath;C:\WINDOWS\system32;C:\WINDOWS;C:\WINDOWS\System32\Wbem;C:\WINDOWS\System32\WindowsPowerShell\v1.0\;C:\WINDOWS\System32\OpenSSH\;C:\Program Files\nodejs\;C:\Program Files\Git\cmd;C:\Program Files\MySQL\MySQL Server 8.0\bin;C:\Users\Dell\AppData\Local\Programs\Python\Python313\Scripts\;C:\Users\Dell\AppData\Local\Programs\Python\Python313\;C:\Users\Dell\AppData\Local\Microsoft\WindowsApps;;C:\Users\Dell\AppData\Local\Programs\Microsoft VS Code\bin;C:\Users\Dell\AppData\Roaming\npm;D:\Antigravity\bin
USERNAME=Dell
OS=Windows_NT
PROCESSOR_IDENTIFIER=Intel64 Family 6 Model 140 Stepping 1, GenuineIntel
TMP=C:\Users\Dell\AppData\Local\Temp
TEMP=C:\Users\Dell\AppData\Local\Temp




Periodic native trim disabled

---------------  S Y S T E M  ---------------

OS:
 Windows 11 , 64 bit Build 26100 (10.0.26100.7309)
OS uptime: 0 days 2:06 hours
Hyper-V role detected

CPU: total 8 (initial active 8) (4 cores per cpu, 2 threads per core) family 6 model 140 stepping 1 microcode 0xbc, cx8, cmov, fxsr, ht, mmx, 3dnowpref, sse, sse2, sse3, ssse3, sse4.1, sse4.2, popcnt, lzcnt, tsc, tscinvbit, avx, avx2, aes, erms, clmul, bmi1, bmi2, adx, avx512f, avx512dq, avx512cd, avx512bw, avx512vl, sha, fma, vzeroupper, avx512_vpopcntdq, avx512_vpclmulqdq, avx512_vaes, avx512_vnni, clflush, clflushopt, clwb, avx512_vbmi2, avx512_vbmi, hv, rdtscp, rdpid, fsrm, gfni, avx512_bitalg, f16c, cet_ibt, cet_ss, avx512_ifma
Processor Information for the first 8 processors :
  Max Mhz: 2419, Current Mhz: 2419, Mhz Limit: 2419

Memory: 4k page, system-wide physical 7914M (644M free)
TotalPageFile size 19537M (AvailPageFile size 0M)
current process WorkingSet (physical memory assigned to process): 152M, peak: 152M
current process commit charge ("private bytes"): 280M, peak: 283M

vm_info: OpenJDK 64-Bit Server VM (21.0.10+7-LTS) for windows-amd64 JRE (21.0.10+7-LTS), built on 2026-01-20T00:00:00Z by "admin" with MS VC++ 17.12 (VS2022)

END.
